,Location,Area,Security,Bedrooms,Price
0,Nizampet,1340,1,2,6968000
1,Hitech City,3498,1,4,29000000
2,Manikonda,1318,0,2,6590000
3,Alwal,1295,0,3,5739000
4,Kukatpally,1145,0,2,5679000
5,Nizampet,1230,0,2,6099000
6,Manikonda,1350,0,2,7000000
7,Gachibowli,1400,0,3,4198000
8,Tellapur,2240,1,3,9900000
9,Gachibowli,1520,0,2,9800000
10,Kokapet,1535,1,3,8903000
11,other,1150,0,2,6300000
12,other,1285,0,2,6300000
13,Tellapur,1897,1,3,9000000
14,Narsingi,1725,1,3,11100000
15,other,1665,0,3,11500000
16,Kukatpally,1592,0,3,10900000
17,Madhapur,1150,0,2,8625000
18,Tellapur,2240,1,3,9900000
19,Puppalaguda,1050,0,3,3900000
20,Nizampet,1340,1,2,6968000
21,Hitech City,3498,1,4,29000000
22,Manikonda,1318,0,2,6590000
23,Alwal,1295,0,3,5739000
24,Kukatpally,1145,0,2,5679000
25,Nizampet,1230,0,2,6099000
26,Manikonda,1350,0,2,7000000
27,Gachibowli,1400,0,3,4198000
28,Tellapur,2240,1,3,9900000
29,Gachibowli,1520,0,2,9800000
30,Kokapet,1535,1,3,8903000
31,other,1150,0,2,6300000
32,other,1285,0,2,6300000
33,Tellapur,1897,1,3,9000000
34,Narsingi,1725,1,3,11100000
35,other,1665,0,3,11500000
36,Kukatpally,1592,0,3,10900000
37,Madhapur,1150,0,2,8625000
38,Tellapur,2240,1,3,9900000
39,Puppalaguda,1050,0,3,3900000
40,Puppalaguda,1735,0,3,7800000
41,Narsingi,2800,0,3,19600000
42,Begumpet,1050,0,2,6050000
43,Kukatpally,1230,0,2,6150000
44,Nizampet,1175,0,2,5000000
45,Nizampet,1190,0,2,4760000
46,Banjara Hills,2956,0,4,30000000
47,other,680,0,2,2500000
48,Pragathi Nagar Kukatpally,1350,0,2,5900000
49,Miyapur,1970,0,3,9700000
50,Mallampet,1105,0,2,4641000
51,Nanakramguda,2005,0,3,16000000
52,Mallampet,1105,0,2,4641000
53,Attapur,1406,0,3,7500000
54,Alwal,1545,0,3,6140000
55,Nanakramguda,1495,1,3,10500000
56,West Marredpally,1300,0,3,7200000
57,Nizampet,1200,0,2,4600000
58,Hitech City,1450,0,3,10400000
59,Banjara Hills,1450,0,3,9500000
60,Narsingi,1912,0,3,9942000
61,Manikonda,1850,0,3,9250000
62,Puppalaguda,1300,0,3,4500000
63,Kompally,1674,1,3,9600000
64,other,1242,0,3,8600000
65,other,850,0,2,2700000
66,other,1895,1,3,6600000
67,Nagole,1636,1,3,8589000
68,LB Nagar,1076,0,2,5500000
69,other,1080,0,2,3200000
70,Kachiguda,2100,0,3,20500000
71,Manikonda,1265,0,2,6300000
72,other,1300,0,3,6400000
73,Miyapur,1089,0,2,4988000
74,Kondapur,1400,0,2,10500000
75,other,850,0,2,4300000
76,Nizampet,1100,0,2,3900000
77,other,1700,0,3,5500000
78,Tellapur,2150,1,3,10300000
79,Mallapur,1195,0,2,6600000
80,Miyapur,1105,0,2,6500000
81,Manikonda,1205,1,2,5784000
82,other,1250,0,3,5500000
83,Puppalaguda,1340,0,2,6700000
84,Beeramguda,950,0,2,3000000
85,other,1100,0,2,4700000
86,Kondapur,1908,0,3,15000000
87,Bachupally,1675,1,3,7872000
88,Toli Chowki,1420,0,3,7500000
89,Kokapet,1535,1,3,8903000
90,Nanakramguda,910,0,2,3200000
91,other,1325,0,3,5600000
92,Tarnaka,1717,0,3,11000000
93,West Marredpally,2400,0,3,12000000
94,Kondapur,1150,0,2,6900000
95,Toli Chowki,1000,0,3,3900000
96,other,1200,0,2,3999000
97,Pragathi Nagar Kukatpally,1040,0,2,4460000
98,other,1181,0,2,7298999
99,Kompally,2100,0,3,10500000
100,Shaikpet,1550,1,3,12000000
101,other,1280,0,3,7700000
102,Kokapet,1945,0,3,12400000
103,Hitech City,3500,1,4,28200000
104,Nagole,1000,1,2,3700000
105,Miyapur,1200,0,2,8000000
106,Gachibowli,2729,0,4,17700000
107,other,1500,0,3,6998999
108,Banjara Hills,2165,0,3,19400000
109,other,1050,0,2,3000000
110,Bachupally,1150,0,2,2999000
111,West Marredpally,1822,0,3,8500000
112,Puppalaguda,1270,0,1,6500000
113,other,1300,0,1,4500000
114,other,1600,0,3,8500000
115,Sanath Nagar,1818,1,3,14500000
116,Darga Khaliz Khan,1282,0,2,8000000
117,Manikonda,1830,0,3,8600000
118,Kokapet,1815,1,3,9073000
119,Puppalaguda,1400,0,1,6700000
120,Nizampet,1220,1,2,6344000
121,Nizampet,1650,1,3,8580000
122,Nizampet,1680,1,3,8736000
123,Nizampet,1555,1,3,8086000
124,Nizampet,1685,1,3,8762000
125,Nizampet,1520,1,3,7904000
126,Nizampet,1225,1,2,6370000
127,Nizampet,1795,1,3,9334000
128,Nizampet,1435,1,2,7462000
129,Nizampet,1430,1,2,7436000
130,Nizampet,1265,1,2,6578000
131,Manikonda,2080,1,3,10400000
132,Manikonda,2092,1,3,10400000
133,Manikonda,1370,1,2,6850000
134,Manikonda,2232,1,3,11100000
135,Manikonda,2063,1,3,10300000
136,Manikonda,1400,1,2,7000000
137,Manikonda,1865,1,3,9325000
138,Manikonda,2270,1,3,11299999
139,Manikonda,1896,1,3,9480000
140,Hitech City,3031,1,4,25600000
141,Manikonda,1702,0,3,8510000
142,Manikonda,1350,0,2,6750000
143,Manikonda,1525,0,3,7625000
144,Manikonda,1225,0,2,6125000
145,Manikonda,1728,0,3,8640000
146,Manikonda,1725,0,3,8625000
147,Manikonda,1300,0,2,6500000
148,Manikonda,1600,0,3,8000000
149,Manikonda,1200,0,2,6000000
150,other,1640,0,3,9900000
151,Kompally,1830,0,3,8234999
152,Kompally,1835,0,3,8256999
153,Tellapur,1570,1,3,7100000
154,Tellapur,1570,1,3,9900000
155,Tellapur,2240,1,3,9900000
156,Tellapur,2240,1,3,9900000
157,Sanath Nagar,1895,0,3,16000000
158,Manikonda,1600,0,3,8000000
159,Kukatpally,1140,0,2,5654000
160,Kukatpally,1150,0,2,5704000
161,Kukatpally,1530,0,3,7588000
162,Nizampet,1230,0,2,5999000
163,Manikonda,1300,0,2,6000000
164,Gachibowli,1050,0,2,3148000
165,Gachibowli,1665,0,3,6325000
166,Gachibowli,1250,0,2,4748000
167,Gachibowli,1250,0,2,4748000
168,Gachibowli,1900,0,3,8168000
169,Gachibowli,1900,0,3,8168000
170,Gachibowli,1815,0,2,7802000
171,Gachibowli,1250,0,2,5373000
172,other,1530,0,3,7400000
173,Balanagar,1530,0,3,7400000
174,Kokapet,1535,1,3,8903000
175,Kokapet,3380,1,4,20200000
176,Kokapet,3380,1,4,20200000
177,Kokapet,1875,1,3,10800000
178,Kokapet,1875,1,3,10800000
179,Kokapet,2540,1,3,15200000
180,Kokapet,2540,1,3,15200000
181,Kokapet,2630,1,4,15200000
182,Kokapet,2630,1,4,15200000
183,Jubilee Hills,4500,0,4,47200000
184,Kokapet,3380,1,4,21500000
185,Manikonda,2700,0,3,12000000
186,Tellapur,1792,1,3,10000000
187,Tellapur,1673,1,3,9500000
188,Narsingi,1665,1,3,10700000
189,Narsingi,1640,1,3,10700000
190,Narsingi,1640,1,3,10700000
191,other,1665,0,3,11500000
192,Banjara Hills,2200,0,3,17000000
193,Pragathi Nagar Kukatpally,1170,0,2,4000000
194,Pragathi Nagar Kukatpally,1170,0,2,4000000
195,Banjara Hills,1600,0,4,8500000
196,Miyapur,1644,0,3,8600000
197,Miyapur,1644,0,3,8599000
198,Miyapur,1687,0,3,8898000
199,Miyapur,1650,0,3,8599000
200,Miyapur,1554,0,3,8298999
201,Miyapur,1684,0,3,8598000
202,Miyapur,1650,0,3,8898000
203,other,970,0,2,4200000
204,other,970,0,2,4200000
205,Tellapur,2240,1,3,10000000
206,Puppalaguda,1050,0,3,3900000
207,Tellapur,2240,0,3,10000000
208,Tellapur,2240,1,3,9900000
209,Nizampet,1190,0,2,4760000
210,Nizampet,1100,0,2,4400000
211,Chandanagar,1600,0,3,7840000
212,Nizampet,1190,0,2,4760000
213,Nizampet,1100,0,2,4400000
214,Hitech City,1150,0,2,8600000
215,Manikonda,1415,0,3,6800000
216,Banjara Hills,1980,0,3,18500000
217,Nizampet,1100,0,2,4400000
218,Nizampet,1190,0,2,4760000
219,Nizampet,1100,0,2,4400000
220,Chandanagar,1600,0,3,7840000
221,Nizampet,1190,0,2,4760000
222,Nizampet,1100,0,2,4400000
223,Hitech City,1150,0,2,8600000
224,Chandanagar,1200,0,2,5880000
225,Nizampet,1100,0,2,4400000
226,Nizampet,1190,0,2,4760000
227,Nizampet,1190,0,2,4760000
228,Nizampet,1190,0,2,4760000
229,Nizampet,1100,0,2,4400000
230,Nizampet,1190,0,2,4760000
231,Nizampet,1190,0,2,4760000
232,Nizampet,1190,0,2,4760000
233,Kukatpally,1905,1,3,9906000
234,Kukatpally,1925,1,3,10000000
235,other,1482,0,3,6187000
236,Nizampet,1100,0,2,3800000
237,East Marredpally,1800,0,3,11500000
238,East Marredpally,1800,0,3,12000000
239,Mallampet,1105,0,2,4641000
240,Mallampet,1105,0,2,4641000
241,Mallampet,1105,0,2,4641000
242,Banjara Hills,1980,0,3,18500000
243,Hitech City,1150,0,2,8600000
244,Manikonda,1415,0,3,6800000
245,Kukatpally,1730,0,3,11100000
246,Aminpur,1100,0,2,4400000
247,Aminpur,1100,0,2,4400000
248,Aminpur,1100,0,2,4400000
249,Aminpur,1100,0,2,4400000
250,Aminpur,1100,0,2,4400000
251,Aminpur,1100,0,2,4400000
252,Aminpur,1100,0,2,4400000
253,Aminpur,1100,0,2,4400000
254,Aminpur,1100,0,2,4400000
255,Aminpur,1100,0,2,4400000
256,Mallampet,1105,0,2,4641000
257,Aminpur,1100,0,2,4400000
258,Mallampet,1105,0,2,4641000
259,Mallampet,1105,0,2,4641000
260,Mallampet,1105,0,2,4641000
261,Mallampet,1105,0,2,4641000
262,Mallampet,1105,0,2,4641000
263,Kondapur,1165,1,2,7847000
264,Aminpur,1100,0,2,4400000
265,Kondapur,1535,1,3,10000000
266,Aminpur,1110,0,2,4400000
267,Mallampet,1105,0,2,4641000
268,Tellapur,2240,1,3,9900000
269,Manikonda,1278,0,2,6500000
270,Attapur,1406,0,3,7500000
271,Mallapur,1190,0,2,6500000
272,Pragathi Nagar Kukatpally,1215,0,2,5300000
273,Mallampet,1105,0,2,4641000
274,Hitech City,1150,0,2,8600000
275,Mallampet,1105,0,2,4641000
276,Mallampet,1105,0,2,4641000
277,Kondapur,1770,1,3,10700000
278,Alwal,1210,0,2,4840000
279,Gajularamaram,1010,0,2,4542000
280,Serilingampally,1620,0,3,8100000
281,Gajularamaram,1555,0,3,6931000
282,Kukatpally,1190,0,2,7098999
283,Kukatpally,1730,0,3,11100000
284,Kondapur,1165,1,2,7240000
285,East Marredpally,1670,0,3,10000000
286,Hitech City,1350,1,3,13000000
287,other,4780,0,4,43000000
288,Serilingampally,1836,0,3,8900000
289,West Marredpally,1970,0,3,15000000
290,West Marredpally,1970,0,3,15000000
291,Kukatpally,2000,1,3,12000000
292,Kukatpally,2000,1,3,12000000
293,Kukatpally,2000,1,3,12000000
294,Kukatpally,2000,1,3,12000000
295,Kukatpally,2000,1,3,12000000
296,Kukatpally,2000,1,3,12000000
297,Kondapur,1210,1,2,7744000
298,Kondapur,1535,1,3,9760000
299,Kondapur,1315,1,2,8500000
300,other,680,0,1,2500000
301,Malkajgiri,1200,0,2,8200000
302,Malkajgiri,1200,0,2,8200000
303,Malkajgiri,1200,0,2,8200000
304,Malkajgiri,1200,0,2,8200000
305,Malkajgiri,1200,0,2,8200000
306,Malkajgiri,1200,0,2,8200000
307,Malkajgiri,1200,0,2,8200000
308,Malkajgiri,1200,0,2,8200000
309,Malkajgiri,1200,0,2,8200000
310,Malkajgiri,1200,0,2,8200000
311,Kokapet,1735,0,3,10800000
312,Jubilee Hills,2500,0,3,27500000
313,Kondapur,3959,0,4,35000000
314,Narsingi,1889,1,3,9822000
315,Kondapur,4500,0,4,30000000
316,Jubilee Hills,2500,0,3,27500000
317,Alwal,1220,0,2,4880000
318,Miyapur,1920,0,3,9984000
319,West Marredpally,2700,0,4,25000000
320,other,1300,0,3,5400000
321,Banjara Hills,2100,0,3,15000000
322,Miyapur,1920,0,3,9984000
323,Miyapur,1925,0,3,10000000
324,Kondapur,1885,1,2,11800000
325,Gajularamaram,1010,0,2,4542000
326,Kukatpally,1695,0,3,10900000
327,Kukatpally,1090,0,2,7098999
328,Jubilee Hills,3100,0,3,46000000
329,Jubilee Hills,2200,0,3,19800000
330,Kondapur,1521,0,3,7600000
331,Kokapet,2490,0,3,18000000
332,Narsingi,1675,1,3,12300000
333,Narsingi,1675,1,3,12300000
334,Nizampet,1260,0,2,5500000
335,Nizampet,1105,0,2,3700000
336,Narsingi,1675,1,3,12300000
337,Narsingi,1675,1,3,12300000
338,Narsingi,1675,1,3,12300000
339,Narsingi,1675,1,3,12300000
340,Nizampet,1200,0,2,4850000
341,Nizampet,1200,0,2,4850000
342,Nizampet,1200,0,2,4850000
343,Nizampet,1200,0,2,4850000
344,Nizampet,1200,0,2,4850000
345,Begumpet,900,0,2,4500000
346,Malkajgiri,1710,0,3,7600000
347,other,1242,0,3,8600000
348,Malkajgiri,1705,0,3,7500000
349,Malkajgiri,1050,0,2,5200000
350,other,1225,0,3,5700000
351,Gajularamaram,1555,0,3,6931000
352,other,1675,0,3,10800000
353,Kukatpally,1695,0,3,10900000
354,Kokapet,1945,1,3,13000000
355,Nizampet,1000,0,2,3650000
356,Hitech City,1150,0,2,8625000
357,other,1330,0,3,7500000
358,Kondapur,2250,0,3,20000000
359,Tellapur,2240,0,3,10000000
360,Banjara Hills,4500,1,4,45000000
361,Banjara Hills,4500,1,4,45000000
362,Banjara Hills,4500,1,4,45000000
363,Gajularamaram,800,0,2,3300000
364,Gajularamaram,800,0,2,3300000
365,Gajularamaram,800,0,2,3300000
366,Gajularamaram,800,0,2,3300000
367,Chandanagar,1150,0,2,5635000
368,Nanakramguda,1840,0,3,12900000
369,other,1560,0,3,7800000
370,Serilingampally,1300,0,2,6300000
371,other,3200,0,4,28000000
372,Banjara Hills,2950,0,3,30000000
373,Banjara Hills,2950,0,3,30000000
374,Gachibowli,1699,0,4,12500000
375,Nagole,1254,1,2,6583000
376,Nagole,1710,1,3,8977000
377,Kukatpally,4067,1,4,35500000
378,other,1320,1,2,7500000
379,Puppalaguda,1605,0,3,7000000
380,Madhapur,2120,0,3,14500000
381,Nallagandla Gachibowli,1860,1,3,13500000
382,Nallagandla Gachibowli,1860,0,3,13500000
383,Krishna Reddy Pet,1050,0,2,2700000
384,Miyapur,1550,0,3,8990000
385,Hitech City,3090,1,4,27500000
386,Gachibowli,6718,1,5,66400000
387,Kondapur,1195,1,2,7500000
388,other,1230,0,3,5700000
389,Banjara Hills,2956,0,4,33000000
390,Banjara Hills,2956,0,4,33000000
391,LB Nagar,1076,0,2,5500000
392,other,842,0,2,3578000
393,Miyapur,1200,0,2,7800000
394,Jubilee Hills,4500,0,4,52000000
395,Jubilee Hills,4500,0,4,52000000
396,Jubilee Hills,3600,0,4,40000000
397,Jubilee Hills,3600,0,4,40000000
398,Banjara Hills,3500,0,3,36700000
399,Banjara Hills,3500,0,3,36700000
400,Madhapur,1150,0,2,8600000
401,Hitech City,1150,0,2,9000000
402,Hitech City,1150,0,2,9000000
403,Nanakramguda,1245,1,2,9877000
404,Nanakramguda,1600,1,3,13000000
405,Nanakramguda,2270,1,3,18800000
406,Manikonda,1200,0,2,6000000
407,Puppalaguda,1418,0,3,7000000
408,Miyapur,1920,0,3,9984000
409,Miyapur,1925,0,3,10000000
410,Miyapur,1905,0,3,9906000
411,Gachibowli,850,0,2,5500000
412,Nizampet,1940,0,3,8000000
413,Hitech City,1150,0,2,8600000
414,Kukatpally,1730,0,3,11100000
415,Kukatpally,1730,0,3,11100000
416,other,1050,0,2,4200000
417,other,1050,0,2,4200000
418,Kondapur,1908,0,3,14500000
419,Kukatpally,1090,0,2,7098999
420,Bachupally,1905,1,3,8953000
421,Bachupally,1675,1,3,7872000
422,Bachupally,1615,1,3,7590000
423,Bachupally,1160,1,2,5452000
424,Bachupally,1800,1,3,8459000
425,Bachupally,1200,1,2,5640000
426,Mallapur,908,0,2,4500000
427,Kukatpally,1100,0,2,4830000
428,other,1380,0,2,4900000
429,Hitech City,970,0,2,6000000
430,Mallapur,1160,0,2,4500000
431,other,840,0,2,4299000
432,other,1100,0,2,4750000
433,other,931,0,2,4200000
434,Jubilee Hills,1670,0,3,12500000
435,Kukatpally,2000,1,3,12000000
436,Kukatpally,2000,1,3,12000000
437,Miyapur,1554,0,3,8298999
438,Miyapur,1650,0,3,8898000
439,Miyapur,1554,0,3,7998999
440,Jubilee Hills,1900,1,3,23000000
441,Jubilee Hills,1900,1,3,22900000
442,Jubilee Hills,1900,0,3,23000000
443,Jubilee Hills,1900,1,3,23000000
444,Kukatpally,1740,1,3,14500000
445,Madhapur,3145,1,3,20000000
446,Beeramguda,963,0,2,2800000
447,other,909,0,3,3500000
448,other,850,0,2,3500000
449,other,950,0,2,4700000
450,Kukatpally,1730,0,3,11399999
451,Gajularamaram,1555,0,3,6931000
452,Gajularamaram,1180,0,2,5256000
453,Kukatpally,1675,0,3,11100000
454,other,845,0,2,5300000
455,other,1100,0,2,4500000
456,other,1905,0,3,14600000
457,other,1460,0,3,11200000
458,other,1460,0,3,11200000
459,Malkajgiri,1175,0,2,4200000
460,Kompally,1360,1,2,4900000
461,Kondapur,1220,1,2,7554000
462,Kondapur,1885,1,3,11399999
463,Kondapur,1165,1,2,7240000
464,Jubilee Hills,1295,0,2,9600000
465,Jubilee Hills,1295,0,2,9600000
466,Jubilee Hills,1295,0,2,9600000
467,Jubilee Hills,1295,0,2,9600000
468,Jubilee Hills,1295,0,2,9600000
469,Jubilee Hills,1295,0,2,10200000
470,Jubilee Hills,1670,0,3,12500000
471,Jubilee Hills,1670,0,3,12500000
472,Bandlaguda Jagir,1200,0,2,4800000
473,Bandlaguda Jagir,1200,0,2,4800000
474,Jubilee Hills,1670,0,3,12500000
475,Nanakramguda,2460,1,3,16800000
476,other,1040,0,2,4000000
477,Beeramguda,1107,0,2,3600000
478,Begumpet,1050,0,2,6000000
479,Begumpet,1050,0,2,6000000
480,Banjara Hills,2900,0,3,33300000
481,Hitech City,1150,0,2,8625000
482,other,1040,0,2,4000000
483,Beeramguda,1107,0,2,3600000
484,Beeramguda,850,0,2,4000000
485,Begumpet,1050,0,2,6000000
486,Begumpet,1050,0,2,6000000
487,Beeramguda,1080,0,2,3500000
488,Beeramguda,1080,0,2,3500000
489,other,1100,0,2,2300000
490,other,1100,0,2,2300000
491,other,1745,0,3,12000000
492,Nagole,970,0,2,2500000
493,Kukatpally,1090,1,2,5777000
494,Kukatpally,1435,0,3,7605000
495,Beeramguda,684,0,1,2600000
496,Beeramguda,1040,0,2,4500000
497,Beeramguda,850,0,2,3000000
498,Beeramguda,1150,0,2,3200000
499,other,1605,0,3,7000000
500,Beeramguda,850,0,2,3000000
501,Beeramguda,1150,0,2,3200000
502,other,1605,0,3,7000000
503,Mallapur,1000,0,2,5500000
504,Kukatpally,1090,1,2,5777000
505,Kukatpally,1435,0,3,7605000
506,Nagole,1635,1,3,8502000
507,Nagole,1585,1,3,8242000
508,Appa Junction Peerancheru,1730,1,3,11000000
509,Appa Junction Peerancheru,1665,1,3,10700000
510,Appa Junction Peerancheru,1482,1,2,9240000
511,Appa Junction Peerancheru,1385,1,2,8800000
512,other,1000,0,2,3400000
513,Gachibowli,1035,1,2,9500000
514,Toli Chowki,1250,0,2,4700000
515,Toli Chowki,1250,0,2,4700000
516,other,1000,0,2,5000000
517,other,1260,0,2,4788000
518,Beeramguda,950,0,2,2880000
519,Gachibowli,850,0,2,5500000
520,Nanakramguda,1260,1,2,8500000
521,other,1050,0,2,5500000
522,Bachupally,1250,1,2,4400000
523,Kondapur,1908,0,3,14000000
524,Gajularamaram,1555,0,3,6931000
525,Narsingi,1720,1,3,12000000
526,other,1327,1,3,7540000
527,other,1110,1,3,6290000
528,other,941,1,2,5290000
529,other,1200,0,2,5580000
530,Manikonda,1200,0,1,4300000
531,other,1390,0,3,5560000
532,other,540,0,1,2400000
533,Gachibowli,1717,1,2,12500000
534,Gachibowli,1717,1,2,12500000
535,other,900,0,2,3570000
536,Bandlaguda Jagir,2150,1,3,12600000
537,other,810,0,2,4800000
538,Bandlaguda Jagir,1985,1,3,11600000
539,Kondapur,1555,1,3,9563000
540,other,810,0,2,4800000
541,Bandlaguda Jagir,1985,1,3,11600000
542,Kondapur,1555,1,3,9563000
543,other,1050,0,2,3600000
544,Mallapur,1014,0,2,4500000
545,Kompally,1085,1,2,3900000
546,Kompally,1100,0,2,5800000
547,Nizampet,1050,0,2,3500000
548,Nizampet,1050,0,2,3500000
549,Kukatpally,1860,1,3,11399999
550,Kukatpally,1860,1,3,11399999
551,Banjara Hills,3000,0,3,35000000
552,Banjara Hills,3000,0,3,35000000
553,Nallagandla Gachibowli,955,0,2,4500000
554,other,1155,1,2,4500000
555,Nizampet,1120,0,2,3500000
556,Nizampet,850,0,2,3500000
557,Kachiguda,1000,0,2,3800000
558,Kachiguda,1000,0,2,3800000
559,Kachiguda,1000,0,2,3800000
560,Kachiguda,1000,0,2,3800000
561,Kachiguda,1000,0,2,3800000
562,Narsingi,966,0,2,3960000
563,Kachiguda,1000,0,2,3800000
564,Kachiguda,1000,0,2,3800000
565,other,1050,0,2,4100000
566,Alwal,1575,0,3,5500000
567,other,1700,0,3,9600000
568,other,1700,0,3,9600000
569,Pragathi Nagar Kukatpally,1535,0,3,6795000
570,Nizampet,940,0,2,3600000
571,Nizampet,1060,0,2,3400000
572,Nizampet,1015,0,2,3500000
573,Nizampet,1015,0,2,3500000
574,Narsingi,1600,0,3,5000000
575,Kondapur,1150,0,2,7000000
576,Narsingi,1500,0,2,5500000
577,Nizampet,1000,0,2,3870000
578,Kompally,1208,0,2,5800000
579,Toli Chowki,1000,0,2,4700000
580,Kondapur,1150,0,2,7000000
581,Narsingi,1500,0,2,5500000
582,Kukatpally,1700,0,3,11299999
583,other,1170,0,2,4500000
584,Kukatpally,1090,0,2,7317000
585,Kukatpally,1090,0,2,7317000
586,Nizampet,1050,0,2,3800000
587,Malkajgiri,1425,0,3,4850000
588,other,1060,0,2,4010000
589,Bachupally,1130,0,2,3550000
590,Nizampet,930,0,2,3300000
591,Nizampet,1085,0,2,3500000
592,Toli Chowki,1420,0,3,7500000
593,Nizampet,1120,0,2,4600000
594,Appa Junction,1506,0,2,8500000
595,Appa Junction,1506,0,2,8500000
596,Nagole,1650,1,3,5500000
597,Nagole,1650,1,3,5500000
598,Nizampet,1200,0,2,3900000
599,Alwal,1145,0,2,4580000
600,Kokapet,1875,1,3,10800000
601,Kokapet,2540,1,3,15200000
602,Kokapet,2630,1,4,15200000
603,Alwal,1145,0,2,4580000
604,Kondapur,2450,0,3,15000000
605,Alwal,1425,0,3,5700000
606,other,1720,0,3,7200000
607,Nanakramguda,2405,0,3,20000000
608,Chandanagar,1725,0,3,8797000
609,Kukatpally,1730,0,3,10500000
610,Madhapur,4070,1,4,43000000
611,Miyapur,2000,1,3,10000000
612,Kondapur,1295,1,2,10000000
613,Kondapur,1490,1,3,12000000
614,Miyapur,1905,0,3,10700000
615,Miyapur,1905,0,3,10700000
616,Kondapur,1525,0,3,7900000
617,Manikonda,1120,0,2,4900000
618,other,1080,0,3,3800000
619,Toli Chowki,950,0,2,4000000
620,Manikonda,2700,0,3,13500000
621,Narsingi,1755,0,3,10000000
622,Narsingi,1755,0,3,10000000
623,Puppalaguda,1216,0,2,6200000
624,Nallagandla Gachibowli,1210,0,2,7000000
625,Kondapur,1525,0,3,7900000
626,Puppalaguda,1340,0,2,6700000
627,Puppalaguda,1216,0,2,6200000
628,Chandanagar,1725,0,2,8452000
629,Banjara Hills,2070,0,3,20000000
630,Banjara Hills,3025,0,4,30200000
631,Jubilee Hills,1670,0,3,12500000
632,East Marredpally,1150,0,2,8200000
633,Kondapur,1150,0,2,6900000
634,Narsingi,1600,0,3,9026000
635,Narsingi,2786,0,3,18200000
636,Kondapur,1525,0,3,8500000
637,Gajularamaram,1555,0,3,6531000
638,Kondapur,1315,1,2,8095000
639,Kondapur,2050,0,3,14000000
640,Kukatpally,1675,0,3,10200000
641,other,1725,0,3,10000000
642,Kondapur,1770,1,3,10700000
643,Jubilee Hills,3200,0,3,24000000
644,Jubilee Hills,1900,0,3,22000000
645,Kondapur,1880,0,3,21400000
646,Kondapur,2050,0,3,16000000
647,Nanakramguda,3600,1,3,36500000
648,other,2665,0,3,15000000
649,Kukatpally,1216,0,2,8500000
650,Banjara Hills,3031,0,4,28000000
651,Kokapet,2220,0,3,15500000
652,Gachibowli,3448,0,3,32500000
653,Madhapur,3015,0,3,20700000
654,Gachibowli,1430,0,3,10500000
655,other,2007,0,5,28000000
656,Kukatpally,1695,0,3,10300000
657,Kondapur,1815,1,3,11000000
658,Kondapur,1630,1,3,9991000
659,Chandanagar,1620,0,3,8014000
660,other,1200,0,2,4000000
661,West Marredpally,1650,0,2,12500000
662,Kukatpally,1550,0,3,8925000
663,Kondapur,1535,1,3,9296000
664,Kondapur,1165,1,2,7598999
665,Malkajgiri,1400,0,3,8500000
666,other,2600,0,3,20000000
667,Miyapur,1100,0,2,5250000
668,Malkajgiri,1010,0,2,4000000
669,Kondapur,1195,1,2,7500000
670,Kukatpally,970,1,2,5253000
671,Kompally,1050,0,2,5800000
672,Alwal,1130,0,2,5085000
673,other,2300,0,3,12000000
674,Alwal,1015,0,2,3500000
675,Shaikpet,2960,1,4,25500000
676,Mallapur,1190,0,2,6500000
677,Mallapur,1190,0,2,6000000
678,Puppalaguda,1340,0,2,6700000
679,Shaikpet,1875,1,3,16000000
680,Jubilee Hills,1900,1,3,23000000
681,West Marredpally,1920,0,4,19500000
682,Alwal,1330,0,2,5320000
683,Hitech City,2350,1,3,19500000
684,Pragathi Nagar Kukatpally,1120,0,2,4800000
685,Madhapur,1924,0,3,13000000
686,other,1575,0,3,10200000
687,Hitech City,2350,1,3,19500000
688,other,3000,0,4,20000000
689,other,1350,0,3,5900000
690,Puppalaguda,1580,0,3,8500000
691,Malkajgiri,1200,0,2,6000000
692,Gajularamaram,1050,0,2,4710000
693,Kukatpally,1090,0,2,7317000
694,Kukatpally,1730,0,3,11399999
695,Kondapur,1535,1,3,9449000
696,Kukatpally,1700,0,3,11299999
697,Alwal,1050,0,2,4000000
698,Alwal,1300,0,2,5450000
699,Kondapur,1770,1,3,10600000
700,Alwal,1050,0,2,4000000
701,Alwal,1300,0,2,5450000
702,Kondapur,1770,1,3,10600000
703,Kompally,1430,0,3,7500000
704,Kukatpally,1800,0,3,12400000
705,Alwal,1530,0,3,7800000
706,Miyapur,1000,0,2,4800000
707,Kukatpally,1905,1,3,9525000
708,Kondapur,1885,0,3,12200000
709,Kondapur,1885,0,3,12300000
710,Kondapur,1885,0,3,12300000
711,other,1560,0,3,8800000
712,other,1190,0,2,6798999
713,Kukatpally,1450,1,3,9300000
714,Kukatpally,1450,1,3,9300000
715,Gajularamaram,1050,0,2,4710000
716,Kondapur,1875,0,3,12000000
717,Gajularamaram,1555,0,3,6931000
718,other,900,0,2,3499000
719,Puppalaguda,1418,0,3,7100000
720,Puppalaguda,1418,0,3,7100000
721,Nizampet,1125,0,2,4800000
722,Nizampet,1515,0,3,5500000
723,Serilingampally,1600,0,3,7500000
724,Serilingampally,1260,0,2,5600000
725,Gachibowli,2848,0,4,19400000
726,Gachibowli,1492,0,2,9908000
727,Gachibowli,1283,0,2,8126000
728,Gachibowli,1410,0,2,9110000
729,Kondapur,2000,0,3,14000000
730,Manikonda,1463,0,3,7000000
731,Kukatpally,1730,0,3,11399999
732,Kondapur,1600,0,3,8500000
733,Manikonda,2600,0,3,17000000
734,West Marredpally,840,0,1,2500000
735,Manikonda,1725,0,3,8600000
736,Banjara Hills,1980,0,3,17800000
737,Banjara Hills,2085,0,3,18700000
738,Banjara Hills,2580,0,3,23200000
739,Banjara Hills,2185,0,3,19600000
740,Banjara Hills,1920,0,3,17200000
741,Banjara Hills,2210,0,3,19800000
742,other,1111,0,3,4500000
743,Nizampet,1161,0,2,4031000
744,other,1500,0,3,6399000
745,other,1500,0,3,6399000
746,Puppalaguda,2021,0,2,8000000
747,Manikonda,1300,0,3,5200000
748,Malkajgiri,1000,0,2,4000000
749,East Marredpally,1060,0,2,7200000
750,Kukatpally,9400,1,8,80000000
751,Nizampet,950,0,2,3200000
752,other,1350,0,3,3800000
753,Nagole,1600,0,3,6000000
754,other,1000,0,2,3500000
755,other,1450,0,3,5000000
756,other,1050,0,2,2800000
757,Mallapur,1150,0,2,3600000
758,Mallapur,1900,0,3,8000000
759,Nizampet,1465,0,3,5034000
760,Nizampet,1228,0,2,4252000
761,Nizampet,1165,0,2,4044000
762,Nizampet,1106,0,2,3849000
763,Mallapur,1315,0,3,3500000
764,West Marredpally,3200,0,3,20000000
765,other,1250,0,3,4800000
766,Toli Chowki,1050,0,2,4500000
767,Mallapur,1900,0,2,8000000
768,Beeramguda,1096,0,2,3800000
769,other,1765,0,3,13500000
770,Puppalaguda,2021,0,2,8000000
771,other,1005,0,2,2700000
772,Mallapur,1750,0,3,6000000
773,Nizampet,1100,0,2,3740000
774,Nizampet,1100,0,2,3740000
775,Nizampet,1200,0,2,5280000
776,Nizampet,1160,0,2,5100000
777,Nizampet,1060,0,2,5500000
778,other,1506,0,3,6000000
779,Nizampet,1165,0,2,4500000
780,Tarnaka,1471,0,3,6500000
781,West Marredpally,3200,0,3,20000000
782,Nagole,1350,0,3,4500000
783,Malkajgiri,1850,0,3,10100000
784,Mallapur,1600,0,2,5500000
785,other,1250,0,3,4800000
786,Toli Chowki,1050,0,2,4500000
787,Mallapur,1900,0,2,8000000
788,Mallapur,1150,0,2,3800000
789,West Marredpally,1700,0,3,8000000
790,other,1765,0,3,13500000
791,Mallampet,1050,0,1,3000000
792,Nizampet,1050,0,2,3200000
793,Mallapur,1750,0,3,6000000
794,Nizampet,1150,0,2,3400000
795,East Marredpally,990,0,2,7000000
796,Nagole,1150,1,2,5000000
797,Banjara Hills,2400,1,3,22000000
798,Nizampet,1200,0,2,5280000
799,Nizampet,1060,0,2,5500000
800,Nizampet,1160,0,2,5100000
801,Nizampet,1165,0,2,4500000
802,Manikonda,1278,0,2,6000000
803,Puppalaguda,2021,0,2,8000000
804,other,1765,0,3,13500000
805,Puppalaguda,2021,0,2,8000000
806,other,1005,0,2,2700000
807,Gachibowli,3180,1,3,34000000
808,Kondapur,3180,0,3,34000000
809,Nizampet,1000,0,2,3300000
810,East Marredpally,987,0,2,6900000
811,West Marredpally,1075,0,2,3200000
812,Kukatpally,600,0,1,2000000
813,other,1400,0,3,7000000
814,Puppalaguda,1300,0,3,4600000
815,Puppalaguda,1300,0,3,4600000
816,Manikonda,1490,0,3,7000000
817,East Marredpally,1275,0,2,8599000
818,Beeramguda,1096,0,2,3800000
819,Nizampet,1100,0,2,3740000
820,Mallapur,1000,0,2,3500000
821,Nizampet,1050,0,2,3570000
822,Nizampet,1100,0,2,3740000
823,Nizampet,1100,0,2,3740000
824,other,1450,0,3,3300000
825,Appa Junction Peerancheru,1376,1,2,6742000
826,Appa Junction Peerancheru,1972,1,3,9662000
827,Appa Junction Peerancheru,1180,1,2,5782000
828,Appa Junction Peerancheru,1554,1,3,7614000
829,Appa Junction Peerancheru,1628,1,3,7977000
830,Appa Junction Peerancheru,1274,1,2,6242000
831,Appa Junction Peerancheru,1784,1,3,8741000
832,Appa Junction Peerancheru,1788,1,3,8761000
833,Appa Junction Peerancheru,1400,1,2,6859999
834,Appa Junction Peerancheru,1966,1,3,9633000
835,Appa Junction Peerancheru,1502,1,3,7359000
836,Appa Junction Peerancheru,1707,1,3,8364000
837,Appa Junction Peerancheru,1642,1,3,8045000
838,Appa Junction Peerancheru,1487,1,2,7286000
839,Appa Junction Peerancheru,1633,1,3,8001000
840,Appa Junction Peerancheru,1800,1,3,8820000
841,Appa Junction Peerancheru,1877,1,3,9197000
842,Appa Junction Peerancheru,1524,1,2,7467000
843,Appa Junction Peerancheru,1326,1,2,6497000
844,Appa Junction Peerancheru,1465,1,2,7178000
845,Appa Junction Peerancheru,1597,1,3,7825000
846,Miyapur,1265,0,2,9075000
847,Miyapur,1945,0,3,10100000
848,Kukatpally,1435,1,3,7962000
849,Miyapur,1925,0,3,12700000
850,Miyapur,1265,0,2,9075000
851,Kukatpally,1905,1,3,10700000
852,Kukatpally,1090,1,2,6168000
853,Kukatpally,1230,1,2,6895999
854,Kukatpally,1920,1,3,10700000
855,Miyapur,1905,0,3,10700000
856,Kukatpally,1170,1,1,6233000
857,Appa Junction,1385,0,2,8800000
858,Appa Junction,1390,0,2,8998000
859,Appa Junction,1282,0,2,7998999
860,Gajularamaram,1020,0,1,4284000
861,Aminpur,1935,0,3,10000000
862,Kukatpally,1090,0,2,7098999
863,Kondapur,1630,0,3,9828000
864,Kukatpally,1695,0,3,10900000
865,Appa Junction,1282,0,2,7998999
866,Appa Junction,1390,0,2,8998000
867,Appa Junction,1385,0,2,8800000
868,Appa Junction,1385,0,2,8800000
869,Beeramguda,1080,0,2,3500000
870,Krishna Reddy Pet,1045,0,2,3300000
871,Krishna Reddy Pet,1100,0,2,3200000
872,Kukatpally,1090,0,2,7317000
873,other,1700,0,2,10900000
874,other,1730,0,2,11100000
875,Kukatpally,1700,0,3,10900000
876,Gajularamaram,1050,0,2,4600000
877,other,2400,0,4,15000000
878,Miyapur,1214,0,2,5500000
879,Beeramguda,1080,0,2,3500000
880,Kukatpally,1090,0,2,7317000
881,Kukatpally,1840,0,3,11800000
882,Gajulramaram Kukatpally,1620,1,3,8098000
883,Gajulramaram Kukatpally,1125,1,2,5623000
884,Gajulramaram Kukatpally,1368,1,3,6838000
885,Kokapet,2115,1,3,10500000
886,Kukatpally,1695,0,3,11200000
887,Mallampet,1125,0,1,3375000
888,other,1170,0,2,5500000
889,Miyapur,1200,0,2,4200000
890,LB Nagar,902,0,2,4700000
891,Kukatpally,1695,0,3,10600000
892,Kondapur,1200,0,2,6500000
893,Krishna Reddy Pet,1100,0,2,3600000
894,Krishna Reddy Pet,1035,0,2,3300000
895,Krishna Reddy Pet,1025,0,2,3300000
896,Narsingi,1490,0,3,8100000
897,Manikonda,1130,0,2,4500000
898,Puppalaguda,1480,0,3,8900000
899,Gajularamaram,1050,0,2,4710000
900,other,1510,0,3,8100000
901,Miyapur,1925,0,3,12700000
902,Kondapur,1525,0,3,8700000
903,other,1523,0,2,6300000
904,other,1200,0,3,6700000
905,Hitech City,3233,0,4,45000000
906,Mallampet,1620,0,3,5000000
907,Kachiguda,1500,0,1,10000000
908,Manikonda,1650,0,3,7500000
909,Jubilee Hills,1908,0,3,15000000
910,Manikonda,1130,0,2,4500000
911,Puppalaguda,1480,0,3,8900000
912,Gajularamaram,1050,0,2,4710000
913,Tarnaka,1548,0,3,8500000
914,Tarnaka,1725,0,3,5499000
915,Tarnaka,1500,0,2,7500000
916,Puppalaguda,1430,0,2,8500000
917,Krishna Reddy Pet,1050,0,2,3200000
918,Miyapur,1294,0,2,3828000
919,Krishna Reddy Pet,1050,0,2,3200000
920,Krishna Reddy Pet,1100,0,2,3200000
921,Beeramguda,1080,0,2,3500000
922,Krishna Reddy Pet,1100,0,2,3600000
923,Krishna Reddy Pet,1025,0,2,3300000
924,Krishna Reddy Pet,1035,0,2,3299000
925,Beeramguda,1085,0,2,3500000
926,Attapur,1480,0,3,6500000
927,Krishna Reddy Pet,1100,0,2,3600000
928,Miyapur,1920,0,3,10700000
929,Miyapur,1190,0,2,8573000
930,Beeramguda,1080,0,2,3600000
931,Gajularamaram,1465,0,3,6300000
932,Miyapur,1190,0,2,8573000
933,Gajularamaram,1050,0,2,4600000
934,Tellapur,1538,1,3,8298999
935,Tellapur,1678,1,3,8800000
936,Tellapur,1678,1,3,8800000
937,Beeramguda,1080,0,2,3600000
938,Beeramguda,1080,0,2,3600000
939,Kukatpally,1695,0,3,11200000
940,other,1700,0,3,13500000
941,Kachiguda,1500,0,1,10000000
942,Manikonda,1650,0,3,7500000
943,Miyapur,1920,0,3,10700000
944,Miyapur,1190,0,2,8573000
945,Manikonda,1130,0,2,4500000
946,Puppalaguda,1480,0,3,8900000
947,Puppalaguda,2000,0,3,10000000
948,Gajularamaram,1050,0,2,4710000
949,other,1170,0,2,5500000
950,Tarnaka,1548,0,3,8500000
951,Tarnaka,1725,0,3,5499000
952,Tarnaka,1500,0,2,7500000
953,Puppalaguda,1430,0,2,8500000
954,Krishna Reddy Pet,1045,0,2,3300000
955,Krishna Reddy Pet,1035,0,2,3300000
956,Krishna Reddy Pet,1025,0,2,3300000
957,Beeramguda,1080,0,2,3500000
958,Beeramguda,1080,0,2,3500000
959,Krishna Reddy Pet,1035,0,2,3299000
960,Beeramguda,1085,0,2,3500000
961,Attapur,1480,0,3,6500000
962,Krishna Reddy Pet,1100,0,2,3600000
963,Krishna Reddy Pet,1045,0,2,3300000
964,Krishna Reddy Pet,1035,0,2,3300000
965,Krishna Reddy Pet,1025,0,2,3300000
966,Kondapur,1525,0,2,8500000
967,Beeramguda,1080,0,2,3500000
968,Kukatpally,1730,0,3,11399999
969,Attapur,1361,0,3,6500000
970,Miyapur,1265,0,2,9075000
971,Gajularamaram,1555,0,3,6600000
972,Kondapur,1200,0,2,6500000
973,Kondapur,1681,0,3,10200000
974,Kondapur,1250,0,2,7500000
975,Gajularamaram,1050,0,2,4500000
976,Shaikpet,1700,0,3,11000000
977,Gajularamaram,1555,0,3,6600000
978,other,1170,0,2,6233000
979,Mallampet,1620,0,3,5000000
980,Miyapur,607,0,1,3000000
981,Gachibowli,990,0,1,8000000
982,Toli Chowki,1000,0,2,4000000
983,other,1565,0,3,6200000
984,other,1630,0,3,11000000
985,Bandlaguda Jagir,1100,0,2,3700000
986,Krishna Reddy Pet,1100,0,2,3200000
987,Krishna Reddy Pet,1025,0,2,3300000
988,Beeramguda,1080,0,2,3500000
989,Krishna Reddy Pet,1100,0,2,3600000
990,Krishna Reddy Pet,1100,0,2,3600000
991,Krishna Reddy Pet,1025,0,2,3300000
992,other,682,0,1,2700000
993,Tarnaka,1245,0,2,7498999
994,Kondapur,1500,0,3,8500000
995,other,900,0,2,3000000
996,other,1320,0,3,6800000
997,other,1530,0,3,7500000
998,Kukatpally,1190,1,2,8573000
999,Kukatpally,1695,0,3,10600000
1000,Kondapur,1200,0,2,6500000
1001,Beeramguda,1080,0,2,3500000
1002,Beeramguda,1080,0,2,3500000
1003,Beeramguda,1080,0,2,3500000
1004,Krishna Reddy Pet,1100,0,2,3600000
1005,Krishna Reddy Pet,1035,0,2,3300000
1006,Krishna Reddy Pet,1025,0,2,3300000
1007,Narsingi,1490,0,3,8100000
1008,other,1539,0,3,8998000
1009,Puppalaguda,1641,0,2,7900000
1010,Puppalaguda,1640,0,2,7900000
1011,Puppalaguda,1402,0,1,6700000
1012,Puppalaguda,1401,0,1,6700000
1013,Miyapur,1925,0,3,12700000
1014,Gajularamaram,1050,0,2,4600000
1015,Gajularamaram,1555,0,3,6600000
1016,Bachupally,1008,0,2,3800000
1017,Beeramguda,1080,0,2,3500000
1018,Beeramguda,1080,0,2,3500000
1019,Kukatpally,1230,1,2,6895999
1020,Gajularamaram,1050,0,2,4600000
1021,Miyapur,1925,0,3,12700000
1022,Kondapur,1525,0,3,8700000
1023,other,1523,0,2,6300000
1024,other,1200,0,3,6700000
1025,Hitech City,3233,0,4,45000000
1026,Manikonda,1350,0,3,8200000
1027,Sanath Nagar,1188,0,2,14000000
1028,Tellapur,1199,1,2,6200000
1029,Gachibowli,1538,0,3,8600000
1030,Kukatpally,1730,0,3,11399999
1031,Beeramguda,1080,0,2,3600000
1032,Beeramguda,1080,0,2,3600000
1033,Krishna Reddy Pet,1045,0,2,3300000
1034,Krishna Reddy Pet,1035,0,2,3300000
1035,Krishna Reddy Pet,1025,0,2,3300000
1036,Kondapur,1525,0,2,8500000
1037,Beeramguda,1080,0,2,3500000
1038,Miyapur,1115,0,2,8070000
1039,Kukatpally,1090,0,2,7317000
1040,Hitech City,3233,0,4,45000000
1041,Beeramguda,1080,0,2,3500000
1042,Darga Khaliz Khan,1568,0,3,9000000
1043,Appa Junction,1568,0,3,9000000
1044,Appa Junction,1568,0,3,9000000
1045,Appa Junction,1794,0,3,10100000
1046,Appa Junction,1794,0,3,10100000
1047,Manikonda,1350,0,3,8200000
1048,Kondapur,1525,0,3,8500000
1049,Manikonda,1530,0,2,7800000
1050,Gachibowli,1953,1,2,14600000
1051,Gachibowli,3434,1,4,26000000
1052,Puppalaguda,1580,0,3,9800000
1053,Kondapur,1815,0,3,10600000
1054,Aminpur,1935,0,3,10000000
1055,Aminpur,1905,0,3,9906000
1056,other,1695,0,2,10900000
1057,other,1090,0,1,7098999
1058,Gajularamaram,1555,0,2,5909000
1059,Aminpur,1265,0,2,7843000
1060,Narsingi,1490,0,3,8100000
1061,Miyapur,1115,0,2,7581999
1062,Gajularamaram,1555,0,3,6600000
1063,Appa Junction,1390,0,2,9000000
1064,Appa Junction,1799,0,3,10100000
1065,Appa Junction,1799,0,3,10100000
1066,Appa Junction,1799,0,3,10100000
1067,Appa Junction,1638,0,3,9298000
1068,Appa Junction,1638,0,3,9300000
1069,Darga Khaliz Khan,1638,0,3,9300000
1070,Appa Junction,1794,0,3,10100000
1071,Kukatpally,1230,1,2,6895999
1072,other,1200,0,2,3850000
1073,Attapur,1200,0,3,3200000
1074,Puppalaguda,2000,0,3,10000000
1075,other,1170,0,2,6233000
1076,other,682,0,1,2700000
1077,Tarnaka,1245,0,2,7498999
1078,other,1530,0,3,7500000
1079,Darga Khaliz Khan,1568,0,3,9000000
1080,Appa Junction,1390,0,2,9000000
1081,Appa Junction,1282,0,2,8000000
1082,Darga Khaliz Khan,1282,0,2,8000000
1083,Appa Junction,1282,0,2,8000000
1084,Appa Junction,1390,0,2,9000000
1085,Darga Khaliz Khan,1282,0,2,8000000
1086,Darga Khaliz Khan,1282,0,2,8000000
1087,Appa Junction,1282,0,2,8000000
1088,Appa Junction,1214,0,2,7100000
1089,Appa Junction,1390,0,2,9000000
1090,Darga Khaliz Khan,1392,0,2,8000000
1091,Appa Junction,1392,0,2,8000000
1092,Appa Junction,1390,0,2,9000000
1093,Darga Khaliz Khan,1282,0,2,7998999
1094,other,1020,0,2,5800000
1095,LB Nagar,905,0,2,4800000
1096,Kukatpally,1730,0,3,11399999
1097,Miyapur,1925,0,3,12600000
1098,Miyapur,1925,0,3,12600000
1099,Miyapur,1925,0,3,12600000
1100,Miyapur,1265,0,2,9075000
1101,Gajularamaram,1465,0,3,6300000
1102,Gajularamaram,1050,0,2,4500000
1103,Appa Junction,1430,0,2,9400000
1104,Appa Junction,1430,0,2,9400000
1105,Appa Junction,1430,0,2,9400000
1106,Appa Junction,1430,0,2,9400000
1107,Appa Junction,1385,0,2,8798000
1108,Kondapur,1525,0,3,8500000
1109,Appa Junction,1799,0,3,10100000
1110,Appa Junction,1799,0,3,10100000
1111,Appa Junction,1799,0,3,10100000
1112,Appa Junction,1638,0,3,9298000
1113,Appa Junction,1638,0,3,9300000
1114,Darga Khaliz Khan,1638,0,3,9300000
1115,Appa Junction,1794,0,3,10100000
1116,Darga Khaliz Khan,1568,0,3,9000000
1117,Appa Junction,1568,0,3,9000000
1118,Appa Junction,1568,0,3,9000000
1119,Appa Junction,1794,0,3,10100000
1120,Manikonda,1100,0,2,6000000
1121,East Marredpally,3266,0,3,21700000
1122,Manikonda,1200,0,2,5200000
1123,Gajularamaram,1555,0,3,6600000
1124,other,1620,0,3,4900000
1125,Mallampet,1125,0,1,3375000
1126,Mallampet,1100,0,1,3315000
1127,Gajularamaram,1050,0,2,4600000
1128,Beeramguda,1080,0,2,3500000
1129,Kukatpally,1090,0,2,7317000
1130,Manikonda,1380,0,3,6600000
1131,Begumpet,1510,0,3,11000000
1132,Kukatpally,1652,1,3,9581000
1133,Hitech City,3147,1,4,26100000
1134,Hitech City,3090,1,4,25600000
1135,Hitech City,3044,1,4,25200000
1136,Hitech City,2051,1,3,17000000
1137,Hitech City,3498,1,4,29000000
1138,Hitech City,3101,1,4,25700000
1139,Hitech City,3049,1,4,25299999
1140,Hitech City,1738,1,3,14400000
1141,Hitech City,1355,1,2,11200000
1142,Hitech City,1334,1,2,11000000
1143,Hitech City,1346,1,2,11100000
1144,Hitech City,1327,1,2,11000000
1145,Kukatpally,1652,1,3,9581000
1146,Kondapur,1473,1,2,9942000
1147,Kondapur,2607,1,3,17500000
1148,Kondapur,2800,1,3,18900000
1149,Kondapur,2192,1,3,14700000
1150,Kondapur,2815,1,3,19000000
1151,Kondapur,2452,1,3,16500000
1152,Kondapur,2191,1,3,14700000
1153,Kondapur,2813,1,3,18900000
1154,Kondapur,1290,1,2,8707000
1155,Kondapur,1300,1,2,8775000
1156,Kondapur,1368,1,2,9234000
1157,other,1550,0,3,8000000
1158,Manikonda,1550,0,3,6509999
1159,Hitech City,2049,1,4,23000000
1160,Hitech City,3494,1,4,29000000
1161,Hitech City,1336,1,2,11000000
1162,Kondapur,1850,1,3,12400000
1163,Kondapur,1500,1,2,10100000
1164,Puppalaguda,1620,0,3,7500000
1165,Begumpet,1200,0,2,6200000
1166,Banjara Hills,2700,0,3,17500000
1167,Kondapur,3600,0,4,29000000
1168,Kondapur,1530,0,3,8700000
1169,Sanath Nagar,1265,0,2,6956999
1170,Nallagandla Gachibowli,1260,1,2,6676000
1171,Nallagandla Gachibowli,1695,1,3,9066000
1172,Nallagandla Gachibowli,1860,1,3,9949000
1173,Balanagar,1520,1,3,7600000
1174,Balanagar,1655,1,3,8275000
1175,Balanagar,1665,1,3,8325000
1176,Balanagar,1755,1,3,9126000
1177,Balanagar,1765,1,3,8825000
1178,Balanagar,1940,1,3,10000000
1179,Nallagandla Gachibowli,1260,1,2,7243000
1180,Nallagandla Gachibowli,1695,1,3,11000000
1181,Nallagandla Gachibowli,1860,1,3,10600000
1182,Manikonda,1313,0,2,5514000
1183,Manikonda,1256,0,2,5275000
1184,Manikonda,1150,0,2,4830000
1185,Sanath Nagar,1495,0,3,12000000
1186,Sanath Nagar,1500,0,3,12000000
1187,Sanath Nagar,1685,0,3,13500000
1188,Sanath Nagar,1895,0,3,10400000
1189,Sanath Nagar,1780,0,3,14200000
1190,Sanath Nagar,1785,0,3,14300000
1191,Nallagandla Gachibowli,1265,1,2,6323000
1192,Nallagandla Gachibowli,1270,1,2,6348000
1193,Nallagandla Gachibowli,1511,1,2,7553000
1194,Nallagandla Gachibowli,1270,1,3,6348000
1195,Nallagandla Gachibowli,1665,1,3,8323000
1196,Nallagandla Gachibowli,1265,1,2,7272000
1197,Balanagar,1430,1,3,7150000
1198,Balanagar,1610,1,3,8050000
1199,Balanagar,1320,1,3,6600000
1200,Balanagar,1435,1,3,7175000
1201,Balanagar,1510,1,3,7550000
1202,Nallagandla Gachibowli,1270,1,2,7301000
1203,Nallagandla Gachibowli,1511,1,2,8686000
1204,Nallagandla Gachibowli,1270,1,3,7301000
1205,Nallagandla Gachibowli,1665,1,3,9571000
1206,Manikonda,1280,0,2,5376000
1207,Manikonda,1278,0,2,5367000
1208,Manikonda,1230,0,2,5166000
1209,Manikonda,1503,0,3,6312000
1210,Manikonda,1585,0,3,6656999
1211,Manikonda,1189,0,2,4993000
1212,Manikonda,1209,0,2,5077000
1213,Manikonda,1279,0,2,5371000
1214,Manikonda,1311,0,2,5506000
1215,Manikonda,1405,0,3,5901000
1216,Manikonda,1495,0,3,6279000
1217,Manikonda,1953,0,3,8202000
1218,Manikonda,1627,0,3,6833000
1219,Manikonda,1778,0,3,7467000
1220,Manikonda,1970,0,3,8273999
1221,Manikonda,1900,0,3,7980000
1222,Manikonda,1971,0,3,8278000
1223,Manikonda,1846,0,3,7753000
1224,Manikonda,1804,0,3,7576000
1225,Manikonda,1550,0,3,6509999
1226,Manikonda,1559,0,3,6547000
1227,Manikonda,1629,0,3,6841000
1228,Manikonda,1752,0,3,7358000
1229,Manikonda,1808,0,3,7593000
1230,Manikonda,1986,0,3,8341000
1231,Manikonda,1605,0,3,6741000
1232,Manikonda,1715,0,3,7203000
1233,Manikonda,1826,0,3,7669000
1234,Manikonda,1995,0,3,8379000
1235,Manikonda,1996,0,3,8383000
1236,Narsingi,1655,1,3,10200000
1237,Attapur,1020,0,2,4284000
1238,other,1160,0,2,4640000
1239,other,5200,1,3,59600000
1240,Manikonda,2250,0,3,12500000
1241,other,1160,0,2,4640000
1242,Shaikpet,1990,1,3,12600000
1243,other,1585,0,3,6340000
1244,other,1165,0,2,4660000
1245,other,550,0,1,2200000
1246,other,550,0,1,2200000
1247,Nizampet,1260,0,2,5500000
1248,Nizampet,1105,0,2,3700000
1249,Nizampet,1105,0,2,3700000
1250,Shaikpet,2080,1,3,14500000
1251,other,1235,1,2,4993000
1252,Hitech City,2260,1,3,17000000
1253,Hitech City,2015,1,3,15000000
1254,Hitech City,2015,1,3,15000000
1255,Narsingi,1700,1,3,12000000
1256,Sanath Nagar,1265,1,2,9300000
1257,Manikonda,4650,1,4,45000000
1258,Gachibowli,1742,0,3,13700000
1259,other,2300,1,3,12500000
1260,Beeramguda,1110,0,2,3700000
1261,Beeramguda,1110,0,2,4300000
1262,other,1050,0,2,4800000
1263,other,1050,0,2,4850000
1264,other,1505,0,3,8426000
1265,TellapurOsman Nagar Road,2026,1,3,11299999
1266,other,1640,0,3,8000000
1267,Serilingampally,1650,1,3,8200000
1268,TellapurOsman Nagar Road,1880,1,3,10500000
1269,Kukatpally,1216,1,2,8200000
1270,Tellapur,2026,1,3,11500000
1271,other,1585,0,3,6340000
1272,Hitech City,2015,1,3,15000000
1273,Hitech City,2500,1,3,19000000
1274,Bandlaguda Jagir,2771,1,4,13000000
1275,Sanath Nagar,1895,1,3,16900000
1276,Sanath Nagar,1500,1,3,14900000
1277,Madhapur,2595,1,4,26900000
1278,Kondapur,2250,1,3,23000000
1279,Nanakramguda,2060,0,3,14400000
1280,Kondapur,1880,1,3,17600000
1281,Gajularamaram,1620,0,3,9500000
1282,Gajularamaram,1620,0,3,9499000
1283,Kondapur,2250,1,3,23000000
1284,Nanakramguda,2060,0,3,14400000
1285,Kokapet,1390,0,3,9728000
1286,Bandlaguda Jagir,1255,0,2,6623000
1287,Bandlaguda Jagir,2285,0,3,12300000
1288,Gachibowli,1993,0,3,17600000
1289,Bandlaguda Jagir,2282,0,3,12300000
1290,Narsingi,1384,0,3,9254000
1291,TellapurOsman Nagar Road,1880,0,3,10500000
1292,Tellapur,1874,1,3,11100000
1293,other,1165,0,2,4660000
1294,Manikonda,2000,1,3,8500000
1295,other,1820,0,3,7280000
1296,Shaikpet,4160,1,4,35000000
1297,other,1020,0,2,5300000
1298,other,1430,0,3,5720000
1299,Kukatpally,1360,1,2,9000000
1300,other,1125,1,2,3600000
1301,other,1430,0,3,5720000
1302,Hitech City,3044,1,4,23000000
1303,Hitech City,3101,1,4,23000000
1304,Hitech City,3147,1,4,23600000
1305,Hitech City,3090,1,4,23000000
1306,other,1139,1,2,3800000
1307,LB Nagar,1560,0,3,8800000
1308,TellapurOsman Nagar Road,1880,1,3,10200000
1309,Tellapur,1687,1,3,9278000
1310,other,770,1,2,2800000
1311,Manikonda,1257,0,2,6800000
1312,Narsingi,2225,1,3,11100000
1313,Narsingi,2170,1,3,10800000
1314,Narsingi,1425,1,2,7125000
1315,Narsingi,2025,1,3,10100000
1316,other,1410,0,2,7755000
1317,other,2160,0,3,11800000
1318,other,1905,0,3,10400000
1319,other,2665,0,3,14600000
1320,other,2400,0,3,13200000
1321,other,1395,0,2,7672000
1322,Kokapet,1945,1,3,12600000
1323,Kokapet,1945,1,3,12600000
1324,Kokapet,1945,1,3,12600000
1325,Kokapet,1680,1,3,10900000
1326,Kokapet,1680,0,3,10900000
1327,Kokapet,1270,1,2,8255000
1328,Kokapet,1270,1,2,8255000
1329,Kokapet,1270,1,2,8255000
1330,Kokapet,1480,1,3,9620000
1331,other,3000,1,4,9900000
1332,Nizampet,1225,1,2,4800000
1333,Tellapur,2026,1,3,11200000
1334,Bandlaguda Jagir,1525,1,3,7900000
1335,LB Nagar,1265,0,2,5692000
1336,Kondapur,1640,1,3,10500000
1337,Kukatpally,1360,1,2,8900000
1338,LB Nagar,1560,0,3,8600000
1339,Tellapur,2026,1,3,11399999
1340,other,1125,1,2,4161999
1341,Pragathi Nagar Kukatpally,1515,0,3,6800000
1342,Pragathi Nagar Kukatpally,1515,0,3,6800000
1343,other,950,1,2,3300000
1344,Pragathi Nagar Kukatpally,1515,0,3,6800000
1345,Pragathi Nagar Kukatpally,1515,0,3,6800000
1346,other,1820,0,3,7280000
1347,Pragathi Nagar Kukatpally,1515,0,3,6800000
1348,Tellapur,2026,1,3,11200000
1349,Kukatpally,1366,1,2,9000000
1350,Nizampet,1146,0,2,4300000
1351,Kukatpally,1441,1,2,9400000
1352,Kukatpally,1360,1,2,8900000
1353,Hitech City,3090,1,4,23000000
1354,other,1000,0,2,2850000
1355,Tellapur,2026,1,3,11200000
1356,TellapurOsman Nagar Road,2026,1,3,11299999
1357,Tellapur,1880,1,3,10500000
1358,TellapurOsman Nagar Road,2026,1,3,11200000
1359,other,1820,0,3,7280000
1360,other,1125,0,2,3600000
1361,Attapur,1950,0,3,8383000
1362,Attapur,1951,0,3,8387000
1363,Attapur,1951,0,3,8387000
1364,Kukatpally,1441,1,2,9400000
1365,Narsingi,1700,1,3,10500000
1366,Narsingi,1700,1,3,10500000
1367,Narsingi,1700,1,3,10500000
1368,Narsingi,1700,1,3,10500000
1369,Kukatpally,1279,1,2,8400000
1370,Kondapur,1570,0,3,8200000
1371,other,1215,1,2,4600000
1372,other,1050,1,2,4300000
1373,Gachibowli,1260,1,3,8800000
1374,Pragathi Nagar Kukatpally,1515,0,3,6900000
1375,other,1300,1,3,4810000
1376,Narsingi,1700,1,3,10500000
1377,Hitech City,3090,1,4,23000000
1378,Kukatpally,1274,1,2,8400000
1379,Kukatpally,1274,1,2,8400000
1380,Kokapet,1400,0,3,7980000
1381,other,1621,0,3,6500000
1382,Kokapet,1800,0,3,10200000
1383,Nizampet,1200,0,2,4800000
1384,other,1400,0,3,4099000
1385,Nizampet,1200,0,2,4800000
1386,Bachupally Road,1155,0,2,4158000
1387,Bachupally Road,1175,0,2,4239000
1388,other,1128,1,3,4500000
1389,other,1150,0,2,7000000
1390,TellapurOsman Nagar Road,2026,1,3,11299999
1391,TellapurOsman Nagar Road,1880,1,3,10500000
1392,Tellapur,1880,1,3,10200000
1393,other,1350,0,3,4000000
1394,Bachupally Road,1155,0,2,4158000
1395,Bachupally Road,1155,0,2,4158000
1396,Hitech City,3090,1,4,23000000
1397,Hitech City,3090,1,4,23000000
1398,Hitech City,3090,1,4,23000000
1399,Serilingampally,1650,1,3,8150000
1400,Serilingampally,1650,1,3,8200000
1401,Serilingampally,1650,1,3,8200000
1402,Serilingampally,1650,1,3,8200000
1403,Serilingampally,1650,1,3,8200000
1404,Serilingampally,1650,1,3,8200000
1405,Serilingampally,1650,1,3,8200000
1406,other,1235,0,2,4940000
1407,Pragathi Nagar Kukatpally,1515,0,3,6800000
1408,Serilingampally,1650,1,3,8150000
1409,Serilingampally,1650,1,3,8150000
1410,Serilingampally,1650,1,3,8200000
1411,Serilingampally,1650,1,3,8200000
1412,Serilingampally,1650,1,3,8200000
1413,Serilingampally,1650,1,3,8200000
1414,Serilingampally,1650,1,3,8200000
1415,other,1700,0,3,7500000
1416,other,960,0,3,3500000
1417,Bachupally Road,1155,0,2,4158000
1418,Serilingampally,1650,1,3,8150000
1419,Serilingampally,1650,1,3,8150000
1420,Serilingampally,1650,1,3,8200000
1421,Bachupally Road,1175,0,2,4239000
1422,Serilingampally,1650,1,3,8200000
1423,Bachupally Road,1175,0,2,4239000
1424,Kondapur,1370,0,2,7000000
1425,Kukatpally,1216,1,2,8000000
1426,Kukatpally,1366,1,2,9000000
1427,Kukatpally,1216,1,2,8000000
1428,Bachupally Road,1155,0,2,4158000
1429,Tellapur,2026,1,3,11299999
1430,Kondapur,1570,0,3,8000000
1431,Attapur,1950,0,3,8383000
1432,other,1170,0,2,6786000
1433,Pragathi Nagar Kukatpally,1515,0,3,6000000
1434,Attapur,1471,0,2,6323000
1435,Attapur,1470,0,2,6319000
1436,Attapur,1470,0,2,6319000
1437,Attapur,1955,0,3,8404000
1438,Nizampet,1000,1,2,4500000
1439,other,1515,1,3,6000000
1440,other,1515,1,3,6000000
1441,Kukatpally,1274,1,2,8400000
1442,Madhapur,2865,1,4,40000000
1443,Kukatpally,1090,1,2,7317000
1444,Tellapur,2026,1,3,11200000
1445,Pragathi Nagar Kukatpally,1515,0,3,6000000
1446,other,950,0,2,6500000
1447,Pragathi Nagar Kukatpally,1515,0,3,6000000
1448,Pragathi Nagar Kukatpally,1515,0,3,6000000
1449,TellapurOsman Nagar Road,1880,1,3,10500000
1450,Nanakramguda,2220,1,3,15500000
1451,Kokapet,1600,0,3,9120000
1452,Nizampet,1201,0,2,4804000
1453,Nizampet,1150,0,2,5000000
1454,Bachupally Road,1155,0,2,4158000
1455,Gajularamaram,1050,1,2,4600000
1456,Gajularamaram,1555,1,3,6600000
1457,TellapurOsman Nagar Road,2026,1,3,11200000
1458,TellapurOsman Nagar Road,1880,1,3,10200000
1459,Bachupally Road,1155,0,2,4158000
1460,Hitech City,2380,1,3,21000000
1461,other,1402,1,3,6000000
1462,Pragathi Nagar Kukatpally,1515,0,3,6000000
1463,other,1120,1,3,4500000
1464,Kukatpally,1279,1,2,8400000
1465,Kukatpally,1274,1,2,8400000
1466,Bachupally Road,1155,0,2,4158000
1467,Serilingampally,1650,1,3,8000000
1468,Pragathi Nagar Kukatpally,1515,0,3,6000000
1469,Serilingampally,1650,0,3,8000000
1470,Tellapur,1687,1,3,9447000
1471,other,800,0,2,3500000
1472,Pragathi Nagar Kukatpally,1515,0,3,6000000
1473,Pragathi Nagar Kukatpally,1515,0,3,6000000
1474,Pragathi Nagar Kukatpally,1515,0,3,6000000
1475,Kukatpally,1441,1,2,9500000
1476,other,1100,1,2,4070000
1477,Tellapur,2150,1,3,13700000
1478,Pragathi Nagar Kukatpally,1515,1,3,6000000
1479,Pragathi Nagar Kukatpally,1515,0,3,6000000
1480,other,1515,1,3,6000000
1481,Pragathi Nagar Kukatpally,1515,0,3,6000000
1482,Bachupally Road,1155,0,2,4158000
1483,other,600,0,1,2300000
1484,Serilingampally,1650,1,3,8150000
1485,Kondapur,1880,1,3,16000000
1486,Kukatpally,1360,1,2,8900000
1487,Kukatpally,1216,1,2,8000000
1488,Tellapur,1538,1,3,8766000
1489,Miyapur,1920,1,3,10700000
1490,Miyapur,1190,1,2,8573000
1491,Serilingampally,2925,1,4,18400000
1492,Serilingampally,1650,1,3,8150000
1493,Kokapet,2150,1,3,12400000
1494,Kukatpally,1695,1,3,11200000
1495,other,2700,0,2,5999000
1496,other,1250,0,2,6000000
1497,other,1100,1,2,5600000
1498,Miyapur,1003,0,2,3510000
1499,Adibatla,1400,0,3,2800000
1500,Adibatla,1400,0,3,2800000
1501,Manikonda,5000,0,6,21000000
1502,other,850,0,2,3500000
1503,other,1800,0,3,8000000
1504,other,1235,1,2,5187000
1505,Pragathi Nagar Kukatpally,1515,0,2,6000000
1506,other,750,0,2,2700000
1507,Bachupally Road,1155,0,2,4158000
1508,West Marredpally,900,1,2,4000000
1509,Banjara Hills,3300,1,4,35000000
1510,Tellapur,1538,1,3,8000000
1511,Kondapur,1195,0,2,6800000
1512,Pragathi Nagar Kukatpally,1100,1,2,4179999
1513,Serilingampally,1650,1,3,8200000
1514,Serilingampally,1650,1,3,8200000
1515,Miyapur,1214,1,2,4856000
1516,Bachupally Road,1175,0,2,4230000
1517,Bachupally Road,1155,0,2,4158000
1518,Bachupally Road,1175,0,2,4236000
1519,Bachupally Road,1175,0,2,4236000
1520,Bachupally Road,1175,0,2,4236000
1521,other,1028,0,2,5654000
1522,other,1350,0,3,4000000
1523,other,1050,1,2,3700000
1524,LB Nagar,1300,0,3,5600000
1525,Beeramguda,1500,0,3,3750000
1526,Krishna Reddy Pet,1400,0,3,3500000
1527,LB Nagar,1130,0,2,4700000
1528,other,1500,1,3,4600000
1529,Jubilee Hills,3000,1,3,30000000
1530,Serilingampally,1650,1,3,8100000
1531,Hitech City,3498,1,4,29000000
1532,other,1100,0,3,5500000
1533,Bachupally,1200,1,2,4680000
1534,Bachupally Road,1175,0,2,4230000
1535,Gajulramaram Kukatpally,1620,1,3,8800000
1536,Pragathi Nagar Kukatpally,1100,0,2,4200000
1537,Miyapur,1205,0,2,5061000
1538,Nizampet,1180,0,2,4600000
1539,Kukatpally,1591,1,3,10900000
1540,Banjara Hills,1441,0,2,11000000
1541,Gachibowli,1050,1,2,3148000
1542,Gachibowli,1665,1,3,6325000
1543,Gachibowli,1250,1,2,4748000
1544,Bachupally Road,1175,0,2,4230000
1545,other,1256,1,2,5652000
1546,Bachupally,1200,1,2,4680000
1547,other,4320,1,4,38700000
1548,Kokapet,1735,1,3,10000000
1549,other,1150,1,2,6500000
1550,Sanath Nagar,1500,1,3,12400000
1551,Bachupally Road,1175,0,2,4230000
1552,Kokapet,1507,1,3,7800000
1553,Tellapur,1412,1,3,8000000
1554,other,2160,1,3,12500000
1555,Appa Junction Peerancheru,1500,1,3,10000000
1556,other,1050,1,2,3500000
1557,other,550,1,1,2310000
1558,Kondapur,1220,1,2,7554000
1559,Gajularamaram,1010,1,2,4542000
1560,Kukatpally,1090,1,2,7098999
1561,Gajularamaram,1555,1,3,6931000
1562,Kondapur,1885,1,3,11399999
1563,Kukatpally,1730,1,3,11100000
1564,Bachupally Road,1155,1,2,4158000
1565,Serilingampally,1650,1,3,8150000
1566,other,5000,1,3,40000000
1567,other,600,1,1,2500000
1568,other,1600,1,3,10500000
1569,Gachibowli,2800,1,3,19300000
1570,Gachibowli,2405,1,3,16500000
1571,Krishna Reddy Pet,1000,0,2,2500000
1572,Beeramguda,1400,0,3,3500000
1573,LB Nagar,1330,0,3,5600000
1574,Miyapur,1000,0,3,3500000
1575,other,3350,1,4,27000000
1576,Kondapur,1630,1,3,9291000
1577,Serilingampally,1650,1,3,8150000
1578,Banjara Hills,3350,1,4,42900000
1579,other,1250,1,2,6000000
1580,other,1055,1,2,4700000
1581,other,1190,0,2,4403000
1582,other,550,1,1,2200000
1583,other,1076,0,2,4304000
1584,other,933,0,2,3732000
1585,other,1026,0,2,4104000
1586,other,982,0,2,3928000
1587,Tellapur,1792,1,3,9100000
1588,Hitech City,3498,1,4,29000000
1589,Bachupally Road,1155,0,2,4389000
1590,Bandlaguda Jagir,2771,1,4,13700000
1591,Kokapet,1480,1,3,9974000
1592,other,2250,1,3,20000000
1593,Sanath Nagar,700,1,2,3000000
1594,Bachupally Road,1155,0,2,4158000
1595,Bachupally Road,1155,0,2,4158000
1596,Bachupally Road,1175,0,2,4239000
1597,other,1715,1,3,11000000
1598,Manikonda,1100,1,2,4950000
1599,Kondapur,2380,1,3,21000000
1600,other,1430,1,3,6006000
1601,Beeramguda,1008,1,2,2116000
1602,Nizampet,1225,1,2,4800000
1603,Bachupally Road,1175,0,3,4236000
1604,Hitech City,1580,1,3,9638000
1605,Madinaguda,1170,0,2,7000000
1606,other,1055,0,2,4100000
1607,Kukatpally,1216,1,2,8400000
1608,Gachibowli,4799,1,4,40700000
1609,Sanath Nagar,1780,0,3,14900000
1610,Pragathi Nagar Kukatpally,1515,0,3,6800000
1611,Gachibowli,4152,1,5,45000000
1612,other,2100,1,3,15000000
1613,Bachupally Road,1155,0,2,4389000
1614,Tellapur,1597,1,3,8300000
1615,other,1200,1,2,5200000
1616,Hitech City,1000,1,1,15000000
1617,other,1585,1,3,6340000
1618,Banjara Hills,3025,1,4,37000000
1619,Banjara Hills,2166,1,3,27000000
1620,Gajularamaram,1620,1,3,9200000
1621,other,2612,1,3,10400000
1622,Gajulramaram Kukatpally,1620,1,3,9351000
1623,Gajulramaram Kukatpally,1620,1,3,9200000
1624,Madinaguda,1170,0,2,7028000
1625,Kokapet,1680,1,3,12000000
1626,other,1400,1,2,8000000
1627,Gachibowli,1400,1,3,4198000
1628,other,1585,1,3,6340000
1629,Gajularamaram,1620,1,3,9500000
1630,Gajularamaram,1620,1,3,9500000
1631,Gajularamaram,1620,1,3,9500000
1632,Gajularamaram,1620,1,3,9500000
1633,other,1232,0,2,4600000
1634,other,1470,1,2,5800000
1635,Alwal,1555,1,3,6220000
1636,Bachupally Road,1175,0,2,4230000
1637,other,1470,1,2,5800000
1638,Kukatpally,1360,1,2,9400000
1639,other,1400,1,3,4000000
1640,Nizampet,1090,1,2,4300000
1641,Madinaguda,1170,0,2,5967000
1642,Kukatpally,1441,1,2,8900000
1643,Kokapet,1735,1,3,10500000
1644,Nanakramguda,3230,1,3,22000000
1645,Kokapet,1271,1,2,7800000
1646,other,750,0,2,2700000
1647,Kukatpally,1740,1,3,12000000
1648,Bachupally Road,1155,0,2,4158000
1649,Bachupally Road,1155,0,2,4158000
1650,Bachupally Road,1175,0,2,4500000
1651,Bachupally Road,1175,0,2,4500000
1652,Bachupally Road,1155,1,2,4389000
1653,other,1220,1,2,6500000
1654,Kondapur,1320,1,2,10500000
1655,Kokapet,3380,1,4,21000000
1656,Appa Junction Peerancheru,1482,1,2,10000000
1657,Nanakramguda,4395,1,4,45000000
1658,Nallagandla Gachibowli,1860,1,3,12000000
1659,other,1500,1,3,6200000
1660,Madinaguda,1170,0,2,6800000
1661,Madhapur,2865,1,4,40000000
1662,Gachibowli,4152,1,5,45000000
1663,Kokapet,1270,1,2,8522000
1664,Kokapet,1735,1,3,11200000
1665,Kokapet,1735,1,3,11000000
1666,Kukatpally,1216,1,2,11000000
1667,other,1755,1,3,10900000
1668,Balanagar,1665,1,3,10500000
1669,Gajulramaram Kukatpally,1620,1,3,8259999
1670,other,1130,1,2,4600000
1671,Kukatpally,1100,1,2,5700000
1672,other,1160,1,2,4872000
1673,Kondapur,1490,1,3,11299999
1674,other,1300,1,3,5000000
1675,other,1280,1,3,4500000
1676,other,1000,1,2,4500000
1677,Pragathi Nagar Kukatpally,1515,0,3,6800000
1678,Madinaguda,1170,0,2,7000000
1679,Gachibowli,4146,1,5,35200000
1680,Gachibowli,4146,0,5,35200000
1681,Gachibowli,4146,1,5,35200000
1682,Gachibowli,4146,1,5,35200000
1683,Attapur,2875,1,4,10900000
1684,other,2744,1,4,22500000
1685,Kondapur,2192,1,3,10500000
1686,other,550,1,1,2310000
1687,Madhapur,2595,1,4,27000000
1688,Shaikpet,1875,1,3,15000000
1689,Narsingi,1460,1,3,7519000
1690,Kokapet,1680,1,3,11200000
1691,Bachupally Road,1155,0,2,4389000
1692,Bachupally Road,1175,0,2,4500000
1693,Serilingampally,1650,1,3,8200000
1694,other,1515,1,3,6363000
1695,other,1500,1,5,6500000
1696,Kondapur,1050,0,3,4500000
1697,Gachibowli,1600,1,3,7998000
1698,Nallagandla Gachibowli,1511,1,2,8811000
1699,other,2141,1,3,23000000
1700,Narsingi,1670,1,3,8624000
1701,Bachupally Road,1155,0,2,4158000
1702,Bachupally Road,1155,0,2,4389000
1703,Bachupally Road,1175,0,2,4500000
1704,Kukatpally,1931,1,3,13300000
1705,Kukatpally,1782,1,3,11500000
1706,Kukatpally,1441,1,2,9400000
1707,Kukatpally,1441,1,2,9400000
1708,other,1515,1,3,6363000
1709,other,1165,0,2,5100000
1710,Kukatpally,1740,1,3,12000000
1711,Kukatpally,1360,1,2,9382000
1712,Pragathi Nagar Kukatpally,1110,0,2,4500000
1713,Chandanagar,1675,1,3,11000000
1714,other,1725,1,3,11000000
1715,Nagole,1255,1,2,5647000
1716,Pragathi Nagar Kukatpally,1515,0,3,6800000
1717,Pragathi Nagar Kukatpally,1515,0,3,6800000
1718,Kondapur,1505,1,3,14000000
1719,Serilingampally,1650,1,3,8150000
1720,Kukatpally,1090,1,2,7098999
1721,Kukatpally,1695,1,3,10900000
1722,Kondapur,1315,1,2,8095000
1723,Kondapur,1885,1,3,11399999
1724,Gajularamaram,1180,1,2,5256000
1725,Gajularamaram,1555,1,3,6931000
1726,Gachibowli,1728,1,3,13500000
1727,other,1189,1,2,6000000
1728,Manikonda,1100,0,2,6000000
1729,Kukatpally,1782,1,3,11500000
1730,Kukatpally,1782,1,3,11500000
1731,Kukatpally,1735,1,3,11000000
1732,Kondapur,2192,1,3,10500000
1733,Kompally,1075,0,2,4085000
1734,Kompally,1265,0,2,4427000
1735,Kukatpally,1782,1,3,15400000
1736,other,2700,0,3,45000000
1737,Gachibowli,4829,1,4,24500000
1738,Kukatpally,1279,1,2,8823000
1739,Kukatpally,1216,1,2,8389000
1740,Kukatpally,1441,1,2,9941000
1741,Narsingi,1200,1,2,6180000
1742,Bachupally,1150,0,2,4340000
1743,Bachupally,1475,0,3,5510000
1744,Kompally,1100,1,2,5050000
1745,Chandanagar,1470,1,3,9300000
1746,Serilingampally,1780,1,3,13000000
1747,Manikonda,2460,1,3,18500000
1748,Kokapet,2540,1,3,17500000
1749,Nanakramguda,1130,1,2,6102000
1750,Nanakramguda,1495,1,3,8070000
1751,Nanakramguda,1395,1,2,7533000
1752,Nanakramguda,1275,1,2,6884999
1753,Kokapet,1875,1,3,10800000
1754,Kokapet,2630,1,4,17000000
1755,Kokapet,2630,1,4,17000000
1756,Jubilee Hills,4700,1,4,61000000
1757,Jubilee Hills,4300,1,4,55800000
1758,Tellapur,1700,1,3,8000000
1759,Kokapet,2630,1,4,18400000
1760,Bachupally,1230,0,2,4500000
1761,other,1000,1,2,3600000
1762,Bachupally Road,1150,1,2,3500000
1763,other,1195,0,3,4000000
1764,other,1050,0,2,5200000
1765,Tarnaka,1122,0,2,5900000
1766,Kukatpally,1441,1,2,9400000
1767,Kondapur,1710,1,3,13300000
1768,Nanakramguda,1600,1,3,7998000
1769,Kondapur,2020,1,3,10500000
1770,Madhapur,3190,1,4,32000000
1771,Bachupally Road,1175,0,2,4236000
1772,Bachupally Road,1175,0,2,4236000
1773,Bachupally Road,1155,0,2,4158000
1774,Bachupally Road,1155,0,2,4158000
1775,Bachupally Road,1155,0,2,4158000
1776,Bachupally Road,1175,0,2,4236000
1777,Bachupally Road,1220,0,2,4158000
1778,Bachupally Road,1155,0,2,4158000
1779,Bachupally Road,1155,0,2,4158000
1780,Bachupally Road,1155,0,2,4158000
1781,Bachupally Road,1155,0,2,4389000
1782,Bachupally Road,1175,0,2,4236000
1783,Bachupally Road,1155,0,2,4158000
1784,Kondapur,1165,1,2,6640000
1785,Bandlaguda Jagir,1775,1,3,6000000
1786,Gachibowli,1662,1,3,16000000
1787,Nanakramguda,1770,1,3,9558000
1788,Hitech City,3493,1,4,29000000
1789,Kukatpally,1050,0,2,5500000
1790,other,1515,1,3,6363000
1791,Kondapur,2815,1,3,13500000
1792,Kondapur,2191,1,3,10500000
1793,Kondapur,2813,1,3,13500000
1794,Kokapet,1535,1,3,9517000
1795,Kokapet,1535,1,3,9517000
1796,Kokapet,1535,1,3,8903000
1797,Kokapet,2630,1,4,16299999
1798,Kokapet,2630,1,4,16299999
1799,Kokapet,2630,1,4,16299999
1800,Kokapet,2630,1,4,16299999
1801,Kokapet,2630,1,4,15200000
1802,Kokapet,2630,1,4,15200000
1803,Kokapet,2630,1,4,15200000
1804,Kokapet,2630,1,4,15200000
1805,Kokapet,2630,1,4,15200000
1806,Kokapet,2630,1,4,15200000
1807,Kokapet,2630,1,4,15200000
1808,Kokapet,2630,1,4,15200000
1809,Gachibowli,4146,1,5,35200000
1810,Gachibowli,4146,1,5,35200000
1811,Gachibowli,4146,1,5,35200000
1812,Gachibowli,4146,1,5,35200000
1813,other,1050,0,2,4500000
1814,Jubilee Hills,4800,1,4,62300000
1815,Kondapur,2607,1,3,12500000
1816,Kokapet,1535,1,3,12000000
1817,Gajulramaram Kukatpally,1185,1,2,2962000
1818,Nanakramguda,1730,1,3,14500000
1819,Madhapur,3490,1,4,34000000
1820,Manikonda,1834,1,3,15000000
1821,other,2025,1,4,7200000
1822,other,1000,1,2,3700000
1823,Hitech City,1580,1,3,9800000
1824,Gachibowli,2615,1,3,13000000
1825,Kondapur,2191,1,3,15800000
1826,other,1190,0,2,4600000
1827,Kukatpally,4400,1,4,30000000
1828,Nallagandla Gachibowli,1270,1,2,7438000
1829,other,2100,1,3,13400000
1830,Kompally,1100,0,2,4800000
1831,LB Nagar,8500,0,6,29000000
1832,other,900,0,2,3800000
1833,Gachibowli,3448,1,4,27000000
1834,Hitech City,1865,1,3,12100000
1835,Alwal,1589,1,3,7950000
1836,other,2025,0,3,10500000
1837,Kondapur,2191,1,3,10500000
1838,Nanakramguda,2270,1,3,14500000
1839,Kondapur,1615,1,3,14000000
1840,Nanakramguda,1745,1,3,11200000
1841,Nanakramguda,960,1,2,7500000
1842,Bachupally,1190,0,2,4641000
1843,Nanakramguda,2615,1,3,16600000
1844,Kondapur,2815,1,3,13500000
1845,Kondapur,2800,1,3,13400000
1846,Kondapur,2600,1,3,12400000
1847,Kondapur,2452,1,3,11700000
1848,Kondapur,2815,1,3,13500000
1849,Madinaguda,1604,0,3,5500000
1850,other,1050,1,2,5500000
1851,Gajularamaram,1620,0,3,8000000
1852,Kokapet,2540,1,3,16000000
1853,Hitech City,2160,1,3,15000000
1854,Toli Chowki,1630,1,3,7000000
1855,other,1050,0,2,5400000
1856,Hitech City,1150,1,2,3900000
1857,Hitech City,2265,1,3,14800000
1858,other,1035,0,2,5000000
1859,Madhapur,1500,1,3,8000000
1860,other,1688,0,3,9800000
1861,other,1100,1,2,4600000
1862,Kokapet,1875,1,3,12100000
1863,other,1050,0,2,4200000
1864,Appa Junction Peerancheru,1800,1,3,10000000
1865,Madhapur,2625,1,3,27000000
1866,Gachibowli,3448,0,4,27000000
1867,Shaikpet,2385,1,3,15000000
1868,Nanakramguda,1800,1,3,11200000
1869,Kondapur,2607,1,3,20000000
1870,Madhapur,3240,1,4,29200000
1871,Madhapur,2865,1,4,25800000
1872,Pragathi Nagar Kukatpally,1125,1,2,4060000
1873,Serilingampally,2050,0,3,14000000
1874,Banjara Hills,3300,1,4,29700000
1875,other,1300,0,3,3250000
1876,Madinaguda,1240,0,2,3450000
1877,Nallagandla Gachibowli,1665,1,3,9855000
1878,Nallagandla Gachibowli,1265,1,2,7536000
1879,Nanakramguda,2644,1,3,9782000
1880,Beeramguda,1000,0,2,2500000
1881,other,1550,0,3,6500000
1882,Miyapur,4500,1,5,18000000
1883,Madinaguda,1640,0,3,5300000
1884,other,3450,1,4,55000000
1885,Madhapur,1150,1,2,3900000
1886,Beeramguda,1150,1,2,3900000
1887,Kondapur,1770,1,3,10700000
1888,other,1960,0,3,12000000
1889,other,980,1,2,3800000
1890,Kondapur,1195,1,2,7500000
1891,other,1200,0,2,9000000
1892,other,1590,0,3,12000000
1893,Nanakramguda,2220,1,3,15000000
1894,Kukatpally,1592,1,3,12600000
1895,other,1380,0,3,6500000
1896,Madhapur,4375,1,5,32799999
1897,Madinaguda,1640,0,3,5500000
1898,Madinaguda,1240,0,2,3720000
1899,other,1300,0,3,3200000
1900,Madinaguda,1240,0,2,3720000
1901,other,1160,1,2,5600000
1902,Kukatpally,1695,1,3,11200000
1903,Kukatpally,1090,1,2,7317000
1904,Gachibowli,1275,1,2,11500000
1905,Kokapet,1350,1,2,10200000
1906,other,1250,0,3,6300000
1907,other,2500,0,3,13500000
1908,Nanakramguda,3258,1,4,22700000
1909,Miyapur,1165,1,2,5242000
1910,other,1250,0,3,5200000
1911,other,1300,0,3,4000000
1912,Patancheru,950,0,2,2400000
1913,other,1100,0,3,3100000
1914,other,1007,0,2,2014000
1915,Gajulramaram Kukatpally,1640,1,3,3936000
1916,Serilingampally,2925,1,4,14600000
1917,Kondapur,1710,1,3,13000000
1918,Nanakramguda,2664,1,3,9782000
1919,Nanakramguda,2000,1,3,7400000
1920,other,1150,0,2,4800000
1921,other,1150,1,2,4140000
1922,other,1145,0,2,8500000
1923,Kondapur,1900,1,3,16500000
1924,Hitech City,1580,1,3,10000000
1925,Kondapur,2192,1,3,10500000
1926,Hitech City,2595,1,3,20500000
1927,other,960,1,2,5760000
1928,Madinaguda,1665,0,3,5500000
1929,Patancheru,950,0,2,2400000
1930,Kukatpally,1735,1,3,12200000
1931,Kukatpally,1360,1,2,9600000
1932,Kukatpally,1208,1,2,8500000
1933,Kukatpally,1740,1,3,12200000
1934,Bachupally,1200,0,2,4680000
1935,Bachupally,1240,0,2,4836000
1936,Bachupally,1240,0,2,4836000
1937,Bachupally,1200,0,2,4680000
1938,Bachupally,1600,0,3,6240000
1939,Bachupally,1270,0,2,4953000
1940,Alwal,1080,1,2,4320000
1941,other,1020,1,2,4850000
1942,other,1145,1,2,4800000
1943,Chandanagar,1575,1,3,8031999
1944,Kukatpally,1700,1,3,10300000
1945,Kukatpally,1730,1,2,10500000
1946,Kukatpally,1090,1,2,6648999
1947,other,2300,1,3,17000000
1948,Adibatla,1147,0,2,4500000
1949,Banjara Hills,3900,1,4,41500000
1950,Banjara Hills,3765,1,4,45100000
1951,other,2021,1,3,12700000
1952,Nanakramguda,2000,1,3,7400000
1953,Gajulramaram Kukatpally,1125,1,2,3210000
1954,Nanakramguda,2220,1,3,15000000
1955,Nanakramguda,2230,1,3,15000000
1956,Manikonda,1834,1,3,16200000
1957,Madhapur,4070,1,4,42500000
1958,Manikonda,1834,1,3,16000000
1959,Kukatpally,4700,1,4,41000000
1960,Manikonda,1314,1,2,10000000
1961,Gachibowli,3355,1,4,26800000
1962,Gachibowli,4146,1,5,33100000
1963,Gachibowli,3448,1,4,27500000
1964,Patancheru,1200,0,3,3200000
1965,Patancheru,1300,0,3,3250000
1966,other,1600,0,3,9000000
1967,Kukatpally,7600,0,8,35000000
1968,Pragathi Nagar Kukatpally,1515,0,3,6800000
1969,Pragathi Nagar Kukatpally,1515,0,3,6800000
1970,Pragathi Nagar Kukatpally,1515,0,3,6800000
1971,Pragathi Nagar Kukatpally,1515,0,3,6800000
1972,Pragathi Nagar Kukatpally,1515,0,3,6800000
1973,Pragathi Nagar Kukatpally,1515,0,3,6800000
1974,Pragathi Nagar Kukatpally,1515,0,3,6800000
1975,Pragathi Nagar Kukatpally,1515,0,3,6800000
1976,Pragathi Nagar Kukatpally,1515,0,3,6800000
1977,Pragathi Nagar Kukatpally,1515,0,3,6800000
1978,Pragathi Nagar Kukatpally,1515,0,3,6800000
1979,Pragathi Nagar Kukatpally,1515,0,3,6800000
1980,Pragathi Nagar Kukatpally,1515,0,3,6800000
1981,Pragathi Nagar Kukatpally,1515,0,3,6800000
1982,Pragathi Nagar Kukatpally,1515,0,3,6800000
1983,Pragathi Nagar Kukatpally,1515,0,3,6800000
1984,Pragathi Nagar Kukatpally,1515,0,3,6800000
1985,Pragathi Nagar Kukatpally,1515,0,3,6800000
1986,Pragathi Nagar Kukatpally,1513,0,3,6800000
1987,Pragathi Nagar Kukatpally,1515,0,3,6800000
1988,Sanath Nagar,1557,1,3,11000000
1989,Patancheru,1300,0,3,3100000
1990,other,2025,1,3,12500000
1991,other,1260,1,2,7800000
1992,Manikonda,1834,1,3,14500000
1993,Tellapur,1580,1,3,7200000
1994,Nanakramguda,1860,1,3,14000000
1995,other,1005,0,2,2211000
1996,other,1200,1,2,3500000
1997,Bandlaguda Jagir,1057,1,2,3000000
1998,other,2122,1,3,13300000
1999,Patancheru,910,0,2,3200000
2000,other,1375,0,3,4000000
2001,Nagole,1001,0,2,2002000
2002,Kondapur,2000,1,3,10000000
2003,Kondapur,1615,1,3,14000000
2004,Jubilee Hills,3085,1,3,40000000
2005,Hitech City,2250,0,4,17000000
2006,Kondapur,3195,0,3,21500000
2007,Kokapet,1735,1,3,9542000
2008,Madhapur,3450,1,4,33500000
2009,Kondapur,1500,0,3,8200000
2010,Bachupally Road,1175,0,2,4230000
2011,Bachupally Road,1155,0,2,4158000
2012,Patancheru,910,0,2,3300000
2013,other,1005,0,2,3500000
2014,other,1150,0,2,5500000
2015,Miyapur,1002,0,2,3507000
2016,Miyapur,1013,0,2,3545000
2017,Miyapur,1005,0,2,3517000
2018,Miyapur,1007,0,2,3524000
2019,Miyapur,1012,0,2,3542000
2020,Adibatla,1010,0,2,2022000
2021,Nagole,1010,0,2,2020000
2022,Nagole,1400,0,3,2800000
2023,Kollur Road,1665,0,3,5700000
2024,other,1002,0,2,4008000
2025,Adibatla,1050,0,2,2200000
2026,other,1350,0,3,5500000
2027,other,2200,1,3,9300000
2028,other,2000,1,3,9200000
2029,other,1600,1,3,9300000
2030,other,1691,1,3,9300000
2031,other,1500,1,3,9300000
2032,Pragathi Nagar Kukatpally,1175,0,2,3600000
2033,Chandanagar,1600,1,3,8460000
2034,Chandanagar,1150,1,2,6165000
2035,Kukatpally,1230,1,2,6895999
2036,Kukatpally,1090,1,2,6168000
2037,Miyapur,1190,1,2,8692000
2038,Miyapur,1920,1,3,10700000
2039,Miyapur,1905,1,3,10700000
2040,Kondapur,1295,1,2,11200000
2041,Kokapet,3380,1,4,22500000
2042,other,3615,1,4,27100000
2043,other,2600,1,3,22100000
2044,other,2100,1,3,10900000
2045,other,3025,1,3,28700000
2046,other,2600,1,3,22100000
2047,other,3590,1,3,39400000
2048,other,3590,1,3,39400000
2049,other,3875,1,3,29000000
2050,other,4290,1,3,32100000
2051,Balanagar,1765,1,3,6354000
2052,Balanagar,1940,1,3,6984000
2053,Jubilee Hills,2445,1,3,16500000
2054,Kokapet,1830,0,3,12000000
2056,Patancheru,1300,0,3,3200000
2057,Patancheru,910,0,2,3250000
2058,other,1550,0,3,4750000
2059,Patancheru,1650,0,3,4800000
2060,Patancheru,1650,0,3,4800000
2061,other,1475,0,3,4550000
2062,other,1475,0,3,4150000
2063,Patancheru,1500,0,2,3550000
2064,other,1550,0,3,4450000
2065,other,1400,0,3,3900000
2066,Patancheru,1350,0,2,3800000
2067,other,1475,0,3,4250000
2068,other,1650,0,3,4850000
2069,Patancheru,1375,0,2,4050000
2070,other,1475,0,3,4500000
2071,other,1000,0,2,4800000
2072,Tellapur,1950,1,3,8600000
2073,other,1050,1,2,3675000
2074,Kondapur,1535,1,3,8749000
2075,other,1550,0,3,8300000
2076,other,1510,1,3,8700000
2077,other,920,0,3,4000000
2078,Gachibowli,1742,1,3,13700000
2079,Banjara Hills,3765,1,4,57500000
2080,Gachibowli,2750,1,3,16500000
2081,other,1160,0,2,4582000
2082,Manikonda,2450,1,4,11200000
2083,Jubilee Hills,4700,1,4,55000000
2084,LB Nagar,1100,0,2,4600000
2085,other,1250,0,2,3375000
2086,Kollur Road,1250,0,2,4300000
2087,Adibatla,1200,0,2,2800000
2088,Miyapur,1006,0,2,3521000
2089,Kollur Road,1200,0,2,4500000
2090,Kollur Road,1250,0,2,4250000
2091,Kollur Road,1250,0,2,4600000
2092,Kollur Road,1205,0,2,4217000
2093,Kollur Road,1206,0,2,4221000
2094,other,1208,0,2,4228000
2095,Kollur Road,1202,0,2,4207000
2096,Kollur Road,1203,0,2,4210000
2097,Kondapur,1104,0,2,4968000
2098,Kondapur,1600,0,3,7200000
2099,Kollur Road,1242,0,2,4469000
2100,Aminpur,1210,0,2,3600000
2101,other,1630,1,3,5200000
2102,other,990,1,2,3200000
2103,Bachupally,1450,0,3,6500000
2104,other,1000,0,2,3800000
2105,other,950,1,2,2900000
2106,other,1050,0,2,4830000
2107,other,1400,0,2,19500000
2108,other,1050,0,2,5200000
2109,Begumpet,1200,1,2,7800000
2110,other,4150,1,4,26000000
2111,other,1500,1,5,3700000
2112,Madhapur,1530,1,3,9800000
2113,other,1250,1,3,10500000
2114,other,1296,1,2,4276000
2115,Shaikpet,998,1,2,3400000
2116,other,1850,1,4,9800000
2117,Miyapur,1115,1,2,9500000
2118,Hitech City,2630,1,3,21000000
2120,other,1085,1,2,6300000
2121,Gachibowli,1325,1,2,5100000
2122,Kollur Road,1200,0,2,4200000
2123,Kollur Road,1201,0,2,4203000
2124,Kollur Road,1260,0,2,4600000
2125,Kondapur,1103,0,2,4963000
2126,Kondapur,1106,0,2,4977000
2127,Adibatla,1000,0,2,2200000
2128,Kukatpally,1360,1,2,9500000
2129,Kukatpally,1740,1,3,12200000
2130,other,920,0,3,4000000
2131,other,1200,1,2,6000000
2132,other,1440,1,3,5200000
2133,other,1010,1,2,5500000
2134,other,1080,1,2,4500000
2135,Kompally,1950,1,3,6500000
2136,Manikonda,1834,1,3,15000000
2137,Shaikpet,2200,1,3,13500000
2138,Shaikpet,1133,1,2,6900000
2139,Serilingampally,1650,0,3,8200000
2140,Jubilee Hills,2600,1,3,17500000
2141,Adibatla,1100,0,2,2500000
2142,Adibatla,1002,0,2,2304000
2144,Adibatla,1000,0,2,2300000
2145,other,1075,0,2,4000000
2146,other,1100,0,2,5000000
2147,Gachibowli,1120,1,2,9500000
2148,other,1200,1,2,3800000
2149,other,1200,1,2,4000000
2150,other,1120,1,2,3900000
2151,Kondapur,1295,1,2,10000000
2152,Kondapur,1490,1,3,12000000
2153,Kokapet,1270,1,2,8255000
2154,other,1100,1,2,3900000
2155,Adibatla,1134,1,2,3742000
2156,other,1190,1,2,3927000
2157,other,1050,1,2,4216000
2158,Adibatla,710,1,1,2536000
2159,Adibatla,1390,1,3,5004000
2160,other,1978,1,3,7912000
2161,other,1360,1,3,5900000
2162,Kukatpally,2000,1,3,9500000
2163,Jubilee Hills,3537,1,3,45000000
2164,other,1100,0,2,4900000
2165,other,1210,0,2,5082000
2166,Narsingi,1935,1,3,9500000
2167,other,1080,1,2,5700000
2168,other,1200,1,2,6000000
2169,other,1905,1,3,15400000
2170,Begumpet,1570,1,3,11299999
2171,Begumpet,1570,1,3,11299999
2172,Gachibowli,1800,1,3,10500000
2173,Gachibowli,1700,1,3,10000000
2174,Narsingi,1600,1,3,11500000
2175,Narsingi,1655,1,3,10000000
2176,Manikonda,1800,1,3,9800000
2177,Manikonda,1300,1,2,6500000
2178,Kollur Road,1207,0,2,4224000
2179,Hitech City,3430,0,4,35800000
2180,Gachibowli,2160,0,3,19500000
2181,Hitech City,3430,0,3,36000000
2182,Hitech City,3430,0,4,35800000
2183,Madhapur,2655,0,3,27500000
2184,other,861,0,2,4500000
2185,Miyapur,3152,1,4,17300000
2186,Serilingampally,1650,0,3,8200000
2187,other,1550,1,3,8525000
2188,other,1030,1,2,5200000
2189,other,3550,1,3,17500000
2190,other,2983,1,4,18000000
2191,Kondapur,2225,1,3,19300000
2192,Shaikpet,4160,1,4,35000000
2193,other,1900,1,3,12500000
2194,other,1105,1,2,7200000
2195,other,1150,1,2,3900000
2196,other,1625,1,3,6500000
2197,other,4600,1,4,46000000
2198,Hitech City,2120,1,3,15000000
2199,Kondapur,2103,1,3,12000000
2200,Narsingi,1760,1,3,11000000
2201,other,1150,1,2,3900000
2202,other,1150,1,2,3900000
2203,Jubilee Hills,1700,1,3,11000000
2204,Kukatpally,2232,1,3,16500000
2205,Kukatpally,1740,1,3,12200000
2206,Kukatpally,1592,1,3,11500000
2207,Kukatpally,1360,1,2,9500000
2208,Kukatpally,1208,1,2,8400000
2209,Bandlaguda Jagir,1200,1,2,3500000
2210,Hitech City,2160,1,3,15200000
2211,Manikonda,1834,1,3,14800000
2212,other,1650,0,3,7500000
2213,other,1180,0,2,4567000
2214,other,1200,0,2,4650000
2215,other,1220,0,2,4700000
2216,other,1180,0,2,4567000
2217,other,1200,0,2,4650000
2218,other,1140,0,2,2848000
2219,other,1140,0,2,2850000
2220,Madhapur,3975,1,5,39800000
2221,Madhapur,2655,1,3,27000000
2222,other,1160,0,3,4700000
2223,other,1570,0,2,7065000
2224,Begumpet,1725,1,3,12400000
2225,Begumpet,1725,1,3,12400000
2226,Begumpet,1725,1,3,12400000
2227,Begumpet,1725,1,3,12400000
2228,Begumpet,1570,1,3,11299999
2229,Gachibowli,2644,0,3,9782000
2230,other,965,0,2,4400000
2231,Manikonda,1850,0,4,8510000
2232,Kokapet,1000,0,2,5500000
2233,LB Nagar,1310,0,3,5700000
2234,other,2150,0,3,15000000
2235,Balanagar,1150,1,2,3900000
2236,Gachibowli,1150,1,2,3900000
2237,Kondapur,1150,1,2,3900000
2238,Kukatpally,1150,1,2,3900000
2239,other,1150,1,2,3900000
2240,Narsingi,1945,1,3,12500000
2241,Kukatpally,1360,1,2,10500000
2242,Balanagar,1150,1,2,3900000
2243,Gachibowli,1150,1,2,3900000
2244,Kondapur,1150,1,2,3900000
2245,Kukatpally,1150,1,2,3900000
2246,other,1150,1,2,3900000
2247,other,1150,1,2,3900000
2248,Nizampet,1150,1,2,3900000
2249,other,1150,1,2,3900000
2250,Aminpur,1150,1,2,3900000
2251,Bachupally,1150,1,2,3900000
2252,Miyapur,1150,1,2,3900000
2253,Chandanagar,1150,1,2,3900000
2254,Patancheru,1150,1,2,3900000
2255,other,1150,1,2,3900000
2256,Mallampet,1150,1,2,3900000
2257,other,1269,1,2,6000000
2258,Narsingi,1200,1,2,4876000
2259,Narsingi,1100,1,2,4367000
2260,Chandanagar,1150,1,2,3900000
2261,Aminpur,1150,1,2,3900000
2262,Miyapur,1150,1,2,3900000
2263,Balanagar,1150,1,2,3900000
2264,Gachibowli,1150,1,2,3900000
2265,Hitech City,1150,1,2,3900000
2266,Madhapur,1150,1,2,3900000
2267,Kondapur,1150,1,2,3900000
2268,other,1150,1,2,3900000
2269,Narsingi,1200,1,2,4876000
2270,Narsingi,1100,1,2,4367000
2271,other,1600,1,3,7600000
2272,other,1510,1,3,5587000
2273,other,1365,1,3,5050000
2274,other,1691,1,3,9300000
2275,Begumpet,1725,1,3,12400000
2276,Madhapur,4070,1,4,43500000
2277,Madhapur,3430,1,3,35000000
2278,Manikonda,1100,1,2,6300000
2279,Tarnaka,1450,1,3,7000000
2280,Gachibowli,3434,1,4,26500000
2281,Manikonda,1314,1,2,9900000
2282,Banjara Hills,3474,1,4,24000000
2283,Jubilee Hills,4600,1,4,31000000
2284,other,1250,0,2,6000000
2285,other,2100,0,3,12500000
2286,other,1150,0,2,5500000
2287,Madhapur,4070,1,4,42000000
2288,Kukatpally,1695,1,3,9000000
2289,Nanakramguda,2460,1,3,15500000
2290,Kondapur,2000,1,3,11000000
2291,Banjara Hills,3695,1,4,50000000
2292,Nanakramguda,2220,1,3,15000000
2293,other,1822,1,3,8500000
2294,other,1595,1,3,5000000
2295,East Marredpally,1535,1,3,12600000
2296,other,1665,1,3,5000000
2297,Kukatpally,1278,1,2,11000000
2298,Kukatpally,2600,1,4,18500000
2299,Hitech City,2500,1,3,20000000
2300,East Marredpally,1535,1,3,12600000
2301,Nanakramguda,2460,1,3,15500000
2302,Nanakramguda,2270,1,3,18000000
2303,Nanakramguda,1600,1,3,12000000
2304,other,1000,0,2,4000000
2305,Nizampet,1180,0,2,4566000
2306,Bachupally,1100,0,2,3829999
2307,Gachibowli,3180,1,3,32000000
2308,other,1691,1,3,9300000
2309,other,1691,1,3,9300000
2310,other,1691,1,3,9300000
2311,Nanakramguda,5440,1,4,60000000
2312,Jubilee Hills,2850,1,3,19800000
2313,Banjara Hills,3556,0,4,27500000
2314,other,1300,0,3,5500000
2315,other,1050,0,2,4500000
2316,Manikonda,2566,1,4,15000000
2317,other,1100,0,2,4000000
2318,other,1980,0,3,9000000
2319,other,1436,0,3,3500000
2320,West Marredpally,4000,1,4,22000000
2321,other,1000,0,2,3500000
2322,other,1050,0,2,4500000
2323,Gachibowli,2644,1,3,9782000
2324,other,2813,0,3,13500000
2325,other,2815,0,3,13500000
2326,other,1300,0,2,4800000
2327,other,4320,1,4,40000000
2328,Kukatpally,1450,1,3,9300000
2329,other,1331,0,2,7200000
2330,other,2650,0,3,17000000
2331,Begumpet,1570,1,3,11299999
2332,Hitech City,2160,1,3,14000000
2333,Hitech City,1580,1,3,11200000
2334,Hitech City,2160,1,3,15500000
2335,Manikonda,970,0,2,5000000
2336,Kachiguda,800,0,2,4000000
2337,other,1358,0,3,10000000
2338,Nizampet,1145,0,2,3800000
2339,other,2000,0,3,14000000
2340,East Marredpally,2075,0,3,13400000
2341,Malkajgiri,1600,0,3,7500000
2342,other,1230,0,2,4000000
2343,East Marredpally,1060,0,2,7200000
2344,Gachibowli,3325,1,3,37500000
2345,West Marredpally,1822,0,3,8500000
2346,West Marredpally,2115,0,3,14000000
2347,other,880,0,2,4000000
2348,Malkajgiri,925,0,2,4600000
2349,other,1554,0,3,6200000
2350,other,1000,0,2,2400000
2351,other,1650,0,3,4750000
2352,other,1475,0,3,4750000
2353,other,1450,0,3,4650000
2354,Banjara Hills,4730,0,4,61400000
2355,other,1645,0,3,7567000
2356,other,1605,0,3,7222000
2357,Begumpet,1725,1,3,12400000
2358,Begumpet,1525,1,3,11000000
2359,Begumpet,1525,1,3,11000000
2360,other,3883,0,4,29500000
2361,Nanakramguda,5440,0,4,57500000
2362,Hitech City,3031,1,4,24000000
2363,Nallagandla Gachibowli,1860,1,3,15500000
2364,Puppalaguda,1875,1,3,7875000
2365,Gachibowli,2008,0,3,7429000
2366,other,1290,1,2,8500000
2367,Hitech City,2160,1,3,14000000
2368,other,1000,0,3,3500000
2369,Bachupally,1150,1,2,4140000
2370,Nizampet,1170,1,2,4680000
2371,Madhapur,4305,1,4,33000000
2372,Kondapur,2800,0,3,13400000
2373,other,1500,0,3,5700000
2374,Gajulramaram Kukatpally,1620,1,3,4620000
2375,Gajulramaram Kukatpally,1368,1,3,3900000
2376,Kukatpally,1090,1,2,6277000
2377,Kukatpally,1230,1,2,7019000
2378,Kukatpally,1435,1,3,8105000
2379,Miyapur,1115,1,2,8181999
2380,Miyapur,1945,1,3,10900000
2381,other,1616,1,3,14000000
2382,other,1100,0,2,4400000
2383,Miyapur,1300,1,2,5200000
2384,Gachibowli,2690,0,3,20000000
2385,Gachibowli,2750,0,3,165000000
2386,Manikonda,1834,1,3,14500000
2387,Puppalaguda,1091,0,2,3500000
2388,other,1500,0,3,7500000
2389,other,1500,0,3,7500000
2390,Manikonda,1834,1,3,15500000
2391,Miyapur,1920,1,3,10700000
2392,Miyapur,1425,1,2,10200000
2393,Nizampet,1220,0,2,4700000
2394,other,1615,0,3,7400000
2395,other,1540,0,3,8500000
2396,East Marredpally,1400,0,2,6000000
2397,other,1200,0,2,5200000
2398,other,1425,0,3,5500000
2399,other,1580,0,2,6500000
2400,Nallagandla Gachibowli,1844,1,3,9293000
2401,Nallagandla Gachibowli,2120,1,3,10600000
2402,other,1000,0,2,6500000
2403,other,965,1,2,6000000
2404,other,2500,1,4,19500000
2405,other,1100,0,2,4200000
2406,other,875,0,2,4000000
2407,other,1610,0,3,8000000
2408,other,1420,0,3,8520000
2409,Nanakramguda,2460,1,3,17300000
2410,Hitech City,3250,1,4,32500000
2411,other,1100,0,2,4070000
2412,other,1100,0,2,4070000
2413,Kokapet,1735,1,3,11200000
2414,Puppalaguda,1510,1,2,6342000
2415,Puppalaguda,1320,1,2,5544000
2416,Puppalaguda,2175,1,3,9135000
2417,Puppalaguda,1980,1,3,8316000
2418,Puppalaguda,1560,1,3,6552000
2419,Puppalaguda,2000,1,3,8400000
2420,Puppalaguda,2005,1,3,8421000
2421,Puppalaguda,1340,1,2,5628000
2422,Puppalaguda,1880,1,3,7895999
2423,Puppalaguda,1415,1,2,5943000
2424,Puppalaguda,2180,1,3,9156000
2425,Puppalaguda,2190,1,3,9198000
2426,Puppalaguda,1600,1,3,6720000
2427,Hitech City,2260,1,3,17000000
2428,Hitech City,2015,1,3,15000000
2429,Kollur Road,1250,0,2,4500000
2430,Miyapur,1001,0,2,3503000
2431,other,1551,0,3,5600000
2432,Jubilee Hills,3000,0,3,7500000
2433,Kollur Road,1245,0,2,4600000
